scale,dist,hedge,sl,tp,trail,max_hold,exit,all_net_usd,all_per_event_R,all_profit_factor,all_event_winrate,all_max_dd_usd,all_t_stat,all_trades,is_net_usd,is_per_event_R,is_profit_factor,is_event_winrate,is_max_dd_usd,is_t_stat,is_trades,oos_net_usd,oos_per_event_R,oos_profit_factor,oos_event_winrate,oos_max_dd_usd,oos_t_stat,oos_trades
fixed,0.3,True,2.0,5.0,0.0,60,target,202.22,0.187,1.12,69.4,228.01,1.09,201,-104.81,-0.156,0.9,58.2,228.01,-0.65,123,307.03,0.749,1.49,87.8,30.84,3.84,78
fixed,0.3,True,2.0,10.0,0.0,60,target,440.64,0.408,1.23,49.1,407.33,1.49,201,-321.39,-0.48,0.73,35.8,407.33,-1.49,123,762.03,1.859,2.06,70.7,92.44,4.56,78
fixed,0.3,True,2.0,20.0,0.0,60,target,812.88,0.753,1.4,38.9,220.65,1.77,201,45.07,0.067,1.04,35.8,197.65,0.15,123,767.81,1.873,1.91,43.9,220.65,2.29,78
fixed,0.3,True,2.0,0.0,2.0,60,trail,826.67,0.765,1.49,51.9,284.15,1.97,201,-177.53,-0.265,0.82,43.3,284.15,-1.05,123,1004.21,2.449,2.39,65.9,66.03,2.78,78
fixed,0.3,True,2.0,0.0,3.0,60,trail,780.24,0.722,1.45,46.3,343.24,1.83,201,-216.51,-0.323,0.79,38.8,320.61,-1.19,123,996.75,2.431,2.38,58.5,82.91,2.75,78
fixed,0.3,True,2.0,0.0,5.0,60,trail,1012.81,0.938,1.54,45.4,310.43,2.11,201,-100.86,-0.151,0.91,35.8,310.43,-0.38,123,1113.67,2.716,2.54,61.0,130.31,2.99,78
fixed,0.3,True,2.0,0.0,0.0,15,timeout,1624.4,1.504,1.88,44.4,250.41,2.73,201,-40.98,-0.061,0.96,34.3,250.41,-0.17,123,1665.38,4.062,3.21,61.0,151.19,3.28,78
fixed,0.3,True,2.0,0.0,0.0,30,timeout,1457.63,1.35,1.75,40.7,273.11,2.42,201,-35.69,-0.053,0.97,29.9,273.11,-0.13,123,1493.32,3.642,2.89,58.5,199.83,2.94,78
fixed,0.3,True,2.0,0.0,0.0,60,timeout,1005.6,0.931,1.48,37.0,305.93,1.63,201,-12.56,-0.019,0.99,35.8,244.47,-0.04,123,1018.16,2.483,2.16,39.0,305.93,1.92,78
fixed,0.3,True,3.0,5.0,0.0,60,target,-114.21,-0.106,0.92,60.2,269.92,-0.85,201,-235.74,-0.352,0.73,53.7,269.92,-1.98,123,121.53,0.296,1.23,70.7,24.38,2.34,78
fixed,0.3,True,3.0,10.0,0.0,60,target,64.07,0.059,1.04,48.1,375.72,0.31,201,-325.1,-0.485,0.68,34.3,375.72,-2.06,123,389.18,0.949,1.64,70.7,80.99,3.37,78
fixed,0.3,True,3.0,20.0,0.0,60,target,262.54,0.243,1.15,38.0,244.72,0.83,201,-96.3,-0.144,0.9,34.3,213.78,-0.46,123,358.84,0.875,1.49,43.9,223.19,1.54,78
fixed,0.3,True,3.0,0.0,2.0,60,trail,262.85,0.243,1.18,39.8,372.15,0.92,201,-295.63,-0.441,0.65,32.8,339.54,-2.39,123,558.49,1.362,1.92,51.2,58.83,2.3,78
fixed,0.3,True,3.0,0.0,3.0,60,trail,247.62,0.229,1.17,37.0,392.6,0.85,201,-302.19,-0.451,0.66,28.4,358.0,-2.31,123,549.81,1.341,1.9,51.2,74.08,2.25,78
fixed,0.3,True,3.0,0.0,5.0,60,trail,382.33,0.354,1.24,39.8,337.45,1.17,201,-240.34,-0.359,0.76,31.3,337.45,-1.28,123,622.66,1.519,2.02,53.7,116.57,2.48,78
fixed,0.3,True,3.0,0.0,0.0,15,timeout,747.31,0.692,1.47,44.4,291.39,1.85,201,-226.4,-0.338,0.76,34.3,291.39,-1.33,123,973.71,2.375,2.51,61.0,130.84,2.85,78
fixed,0.3,True,3.0,0.0,0.0,30,timeout,641.42,0.594,1.39,36.1,309.65,1.57,201,-208.51,-0.311,0.79,26.9,309.65,-1.09,123,849.93,2.073,2.26,51.2,162.34,2.48,78
fixed,0.3,True,3.0,0.0,0.0,60,timeout,384.36,0.356,1.22,36.1,334.91,0.92,201,-134.72,-0.201,0.87,34.3,245.0,-0.66,123,519.07,1.266,1.69,39.0,323.15,1.45,78
fixed,0.3,True,5.0,5.0,0.0,60,target,-242.8,-0.225,0.78,16.7,260.63,-2.83,201,-176.4,-0.263,0.73,19.4,181.7,-2.3,123,-66.4,-0.162,0.85,12.2,76.95,-1.7,78
fixed,0.3,True,5.0,10.0,0.0,60,target,-208.19,-0.193,0.84,49.1,340.43,-1.57,201,-278.51,-0.416,0.63,35.8,300.75,-2.71,123,70.32,0.172,1.13,70.7,90.79,0.89,78
fixed,0.3,True,5.0,20.0,0.0,60,target,-106.23,-0.098,0.92,38.0,362.61,-0.54,201,-156.13,-0.233,0.8,34.3,207.03,-1.21,123,49.89,0.122,1.08,43.9,241.92,0.33,78
fixed,0.3,True,5.0,0.0,2.0,60,trail,-66.97,-0.062,0.94,32.4,374.03,-0.39,201,-273.54,-0.408,0.58,23.9,291.75,-3.52,123,206.57,0.504,1.41,46.3,85.1,1.4,78
fixed,0.3,True,5.0,0.0,3.0,60,trail,-57.94,-0.054,0.95,32.4,378.68,-0.33,201,-246.04,-0.367,0.63,25.4,271.39,-3.1,123,188.09,0.459,1.36,43.9,101.18,1.25,78
fixed,0.3,True,5.0,0.0,5.0,60,trail,13.79,0.013,1.01,38.9,320.83,0.07,201,-214.02,-0.319,0.71,32.8,257.42,-1.86,123,227.81,0.556,1.44,48.8,129.92,1.48,78
fixed,0.3,True,5.0,0.0,0.0,15,timeout,237.23,0.22,1.2,37.0,244.26,0.98,201,-189.2,-0.282,0.71,28.4,222.01,-1.85,123,426.43,1.04,1.78,51.2,138.21,2.03,78
fixed,0.3,True,5.0,0.0,0.0,30,timeout,170.7,0.158,1.13,36.1,272.97,0.69,201,-173.3,-0.259,0.76,29.9,216.35,-1.47,123,344.0,0.839,1.6,46.3,164.03,1.64,78
fixed,0.3,True,5.0,0.0,0.0,60,timeout,-41.15,-0.038,0.97,35.2,416.73,-0.16,201,-179.18,-0.267,0.76,34.3,225.76,-1.42,123,138.03,0.337,1.21,36.6,301.89,0.63,78
fixed,0.3,True,8.0,5.0,0.0,60,target,-229.81,-0.213,0.71,21.3,235.68,-4.77,201,-91.25,-0.136,0.78,25.4,97.13,-2.46,123,-138.55,-0.338,0.64,14.6,133.57,-4.72,78
fixed,0.3,True,8.0,10.0,0.0,60,target,-155.01,-0.144,0.83,45.4,211.56,-2.07,201,-154.02,-0.23,0.69,37.3,166.35,-2.46,123,-0.99,-0.002,1.0,58.5,47.4,-0.02,78
fixed,0.3,True,8.0,20.0,0.0,60,target,-141.89,-0.131,0.86,34.3,262.84,-1.13,201,-107.12,-0.16,0.79,29.9,128.8,-1.35,123,-34.77,-0.085,0.93,41.5,164.44,-0.36,78
fixed,0.3,True,8.0,0.0,2.0,60,trail,-112.87,-0.105,0.86,36.1,275.74,-1.05,201,-152.68,-0.228,0.62,35.8,169.88,-2.87,123,39.81,0.097,1.1,36.6,95.68,0.43,78
fixed,0.3,True,8.0,0.0,3.0,60,trail,-113.56,-0.105,0.87,31.5,278.5,-1.07,201,-149.98,-0.224,0.66,28.4,164.72,-2.94,123,36.43,0.089,1.09,36.6,102.35,0.39,78
fixed,0.3,True,8.0,0.0,5.0,60,trail,-54.15,-0.05,0.94,33.3,227.77,-0.47,201,-124.03,-0.185,0.74,29.9,140.73,-1.89,123,69.89,0.17,1.17,39.0,104.74,0.74,78
fixed,0.3,True,8.0,0.0,0.0,15,timeout,114.48,0.106,1.14,33.3,146.38,0.81,201,-97.1,-0.145,0.77,23.9,117.92,-1.72,123,211.58,0.516,1.5,48.8,76.44,1.68,78
fixed,0.3,True,8.0,0.0,0.0,30,timeout,120.24,0.111,1.14,34.3,135.01,0.84,201,-71.24,-0.106,0.84,26.9,118.84,-1.1,123,191.48,0.467,1.43,46.3,88.24,1.54,78
fixed,0.3,True,8.0,0.0,0.0,60,timeout,-109.45,-0.101,0.89,31.5,297.9,-0.7,201,-121.53,-0.181,0.76,29.9,140.51,-1.57,123,12.07,0.029,1.02,34.1,203.16,0.09,78
fixed,0.3,False,2.0,5.0,0.0,60,target,-745.45,-0.69,0.4,21.3,769.16,-4.64,108,-357.23,-0.533,0.48,23.9,380.93,-2.89,67,-388.23,-0.947,0.31,17.1,373.65,-3.81,41
fixed,0.3,False,2.0,10.0,0.0,60,target,-848.77,-0.786,0.38,13.9,953.45,-4.36,108,-434.25,-0.648,0.42,16.4,481.67,-2.97,67,-414.52,-1.011,0.32,9.8,457.21,-3.22,41
fixed,0.3,False,2.0,20.0,0.0,60,target,-559.05,-0.518,0.59,13.9,825.72,-1.92,108,-344.53,-0.514,0.54,16.4,403.93,-1.83,67,-214.52,-0.523,0.65,9.8,407.21,-0.96,41
fixed,0.3,False,2.0,0.0,2.0,60,trail,-688.27,-0.637,0.47,17.6,869.37,-2.79,108,-401.56,-0.599,0.42,22.4,434.93,-3.04,67,-286.71,-0.699,0.53,9.8,419.87,-1.37,41
fixed,0.3,False,2.0,0.0,3.0,60,trail,-728.62,-0.675,0.45,15.7,920.75,-3.02,108,-421.9,-0.63,0.41,19.4,481.31,-3.11,67,-306.71,-0.748,0.5,9.8,424.87,-1.52,41
fixed,0.3,False,2.0,0.0,5.0,60,trail,-780.25,-0.722,0.42,15.7,950.6,-3.32,108,-433.54,-0.647,0.41,19.4,492.94,-2.93,67,-346.71,-0.846,0.43,9.8,443.08,-1.88,41
fixed,0.3,False,2.0,0.0,0.0,15,timeout,-647.43,-0.599,0.51,15.7,920.41,-2.42,108,-386.87,-0.577,0.45,19.4,424.59,-2.56,67,-260.56,-0.636,0.57,9.8,481.24,-1.17,41
fixed,0.3,False,2.0,0.0,0.0,30,timeout,-806.27,-0.747,0.41,11.1,911.36,-3.57,108,-361.41,-0.539,0.51,13.4,418.13,-2.07,67,-444.86,-1.085,0.29,7.3,478.65,-3.12,41
fixed,0.3,False,2.0,0.0,0.0,60,timeout,-955.24,-0.884,0.32,12.0,1014.65,-5.01,108,-387.75,-0.579,0.49,16.4,447.16,-2.32,67,-567.49,-1.384,0.12,4.9,552.91,-6.81,41
fixed,0.3,False,3.0,5.0,0.0,60,target,-690.9,-0.64,0.35,24.1,700.04,-5.48,108,-365.83,-0.546,0.39,25.4,374.96,-3.81,67,-325.08,-0.793,0.3,22.0,312.02,-3.97,41
fixed,0.3,False,3.0,10.0,0.0,60,target,-762.35,-0.706,0.34,16.7,808.81,-5.11,108,-393.12,-0.587,0.4,19.4,418.07,-3.41,67,-369.23,-0.901,0.28,12.2,377.69,-3.91,41
fixed,0.3,False,3.0,20.0,0.0,60,target,-584.71,-0.541,0.5,16.7,739.15,-2.83,108,-348.81,-0.521,0.46,19.4,381.75,-2.55,67,-235.9,-0.575,0.54,12.2,344.35,-1.51,41
fixed,0.3,False,3.0,0.0,2.0,60,trail,-670.65,-0.621,0.39,21.3,771.39,-3.81,108,-395.43,-0.59,0.34,25.4,414.34,-4.01,67,-275.22,-0.671,0.46,14.6,343.99,-1.87,41
fixed,0.3,False,3.0,0.0,3.0,60,trail,-693.5,-0.642,0.39,19.4,800.4,-3.99,108,-401.23,-0.599,0.35,22.4,434.17,-3.89,67,-292.27,-0.713,0.43,14.6,353.18,-2.07,41
fixed,0.3,False,3.0,0.0,5.0,60,trail,-749.56,-0.694,0.35,17.6,843.13,-4.42,108,-425.53,-0.635,0.34,20.9,458.47,-3.86,67,-324.03,-0.79,0.37,12.2,371.6,-2.5,41
fixed,0.3,False,3.0,0.0,0.0,15,timeout,-684.02,-0.633,0.4,16.7,846.55,-3.62,108,-406.1,-0.606,0.34,19.4,428.45,-3.71,67,-277.92,-0.678,0.46,12.2,405.04,-1.79,41
fixed,0.3,False,3.0,0.0,0.0,30,timeout,-797.5,-0.738,0.32,12.0,844.23,-4.94,108,-388.4,-0.58,0.4,14.9,422.88,-3.1,67,-409.1,-0.998,0.23,7.3,408.29,-4.06,41
fixed,0.3,False,3.0,0.0,0.0,60,timeout,-855.5,-0.792,0.28,14.8,888.44,-6.0,108,-377.62,-0.564,0.42,19.4,410.56,-3.05,67,-477.88,-1.166,0.11,7.3,464.83,-7.39,41
fixed,0.3,False,5.0,5.0,0.0,60,target,-632.12,-0.585,0.29,26.9,630.96,-6.51,108,-314.77,-0.47,0.35,29.9,313.61,-4.16,67,-317.35,-0.774,0.21,22.0,305.52,-5.32,41
fixed,0.3,False,5.0,10.0,0.0,60,target,-710.49,-0.658,0.26,19.4,719.32,-6.68,108,-354.64,-0.529,0.32,23.9,363.48,-4.28,67,-355.84,-0.868,0.19,12.2,344.01,-5.46,41
fixed,0.3,False,5.0,20.0,0.0,60,target,-603.9,-0.559,0.37,19.4,670.75,-4.36,108,-328.05,-0.49,0.37,23.9,341.68,-3.47,67,-275.84,-0.673,0.37,12.2,317.23,-2.7,41
fixed,0.3,False,5.0,0.0,2.0,60,trail,-649.92,-0.602,0.29,23.1,689.83,-5.39,108,-361.75,-0.54,0.26,26.9,368.97,-4.95,67,-288.17,-0.703,0.33,17.1,309.04,-2.99,41
fixed,0.3,False,5.0,0.0,3.0,60,trail,-659.5,-0.611,0.3,22.2,701.82,-5.48,108,-349.83,-0.522,0.3,26.9,363.46,-4.53,67,-309.67,-0.755,0.3,14.6,326.53,-3.35,41
fixed,0.3,False,5.0,0.0,5.0,60,trail,-706.01,-0.654,0.27,20.4,740.34,-6.03,108,-377.29,-0.563,0.28,25.4,390.92,-4.71,67,-328.72,-0.802,0.25,12.2,337.58,-3.85,41
fixed,0.3,False,5.0,0.0,0.0,15,timeout,-611.83,-0.567,0.32,21.3,689.66,-4.8,108,-326.43,-0.487,0.3,25.4,339.84,-4.14,67,-285.4,-0.696,0.33,14.6,337.99,-2.84,41
fixed,0.3,False,5.0,0.0,0.0,30,timeout,-692.86,-0.642,0.27,15.7,711.42,-6.09,108,-322.54,-0.481,0.36,20.9,341.1,-3.62,67,-370.32,-0.903,0.16,7.3,358.49,-5.42,41
fixed,0.3,False,5.0,0.0,0.0,60,timeout,-774.38,-0.717,0.22,17.6,788.01,-7.59,108,-345.34,-0.515,0.34,23.9,358.97,-3.95,67,-429.03,-1.046,0.08,7.3,417.2,-9.35,41
fixed,0.3,False,8.0,5.0,0.0,60,target,-498.96,-0.462,0.26,31.5,499.05,-6.36,108,-201.58,-0.301,0.38,37.3,201.67,-3.42,67,-297.38,-0.725,0.15,22.0,286.24,-6.25,41
fixed,0.3,False,8.0,10.0,0.0,60,target,-517.24,-0.479,0.29,25.9,523.59,-5.91,108,-209.7,-0.313,0.4,32.8,216.05,-3.17,67,-307.54,-0.75,0.18,14.6,296.39,-5.75,41
fixed,0.3,False,8.0,20.0,0.0,60,target,-467.71,-0.433,0.36,25.0,491.37,-4.46,108,-222.67,-0.332,0.38,31.3,232.01,-3.21,67,-245.04,-0.598,0.34,14.6,248.21,-3.13,41
fixed,0.3,False,8.0,0.0,2.0,60,trail,-485.84,-0.45,0.27,31.5,499.46,-5.42,108,-216.7,-0.323,0.29,38.8,225.09,-3.89,67,-269.13,-0.656,0.26,19.5,263.23,-3.91,41
fixed,0.3,False,8.0,0.0,3.0,60,trail,-494.75,-0.458,0.29,30.6,506.82,-5.41,108,-221.53,-0.331,0.34,37.3,230.87,-3.66,67,-273.22,-0.666,0.25,19.5,264.81,-4.08,41
fixed,0.3,False,8.0,0.0,5.0,60,trail,-512.31,-0.474,0.28,26.9,521.65,-5.56,108,-239.65,-0.358,0.31,34.3,249.0,-3.88,67,-272.66,-0.665,0.25,14.6,261.51,-4.06,41
fixed,0.3,False,8.0,0.0,0.0,15,timeout,-451.09,-0.418,0.32,29.6,485.36,-4.68,108,-195.37,-0.292,0.36,35.8,208.33,-3.27,67,-255.72,-0.624,0.29,19.5,265.88,-3.44,41
fixed,0.3,False,8.0,0.0,0.0,30,timeout,-487.7,-0.452,0.31,22.2,502.14,-5.17,108,-188.09,-0.281,0.43,29.9,202.53,-2.84,67,-299.62,-0.731,0.2,9.8,288.47,-4.68,41
fixed,0.3,False,8.0,0.0,0.0,60,timeout,-582.5,-0.539,0.23,23.1,591.84,-6.79,108,-233.48,-0.348,0.35,31.3,242.82,-3.56,67,-349.02,-0.851,0.12,9.8,337.88,-7.04,41
fixed,0.6,True,2.0,5.0,0.0,60,target,727.76,0.674,1.63,71.3,120.15,3.57,169,204.26,0.305,1.28,61.2,120.15,1.19,101,523.5,1.277,2.22,87.8,26.56,5.22,68
fixed,0.6,True,2.0,10.0,0.0,60,target,825.53,0.764,1.57,50.0,169.96,2.62,169,-12.56,-0.019,0.99,38.8,169.96,-0.06,101,838.09,2.044,2.54,68.3,142.85,4.33,68
fixed,0.6,True,2.0,20.0,0.0,60,target,1279.77,1.185,1.81,41.7,205.42,2.72,169,343.15,0.512,1.38,38.8,132.04,1.1,101,936.63,2.284,2.41,46.3,205.42,2.72,68
fixed,0.6,True,2.0,0.0,2.0,60,trail,1227.62,1.137,2.01,54.6,181.91,2.85,169,59.17,0.088,1.09,50.7,181.91,0.32,101,1168.45,2.85,3.22,61.0,71.35,3.18,68
fixed,0.6,True,2.0,0.0,3.0,60,trail,1178.12,1.091,1.9,50.9,192.0,2.67,169,18.83,0.028,1.02,44.8,192.0,0.1,101,1159.29,2.828,3.21,61.0,89.41,3.12,68
fixed,0.6,True,2.0,0.0,5.0,60,trail,1447.16,1.34,2.05,50.9,163.39,2.92,169,184.54,0.275,1.22,44.8,163.39,0.66,101,1262.61,3.08,3.39,61.0,138.31,3.26,68
fixed,0.6,True,2.0,0.0,0.0,15,timeout,1973.12,1.827,2.42,50.0,202.86,3.23,169,220.75,0.329,1.28,43.3,141.35,0.87,101,1752.37,4.274,3.96,61.0,202.86,3.34,68
fixed,0.6,True,2.0,0.0,0.0,30,timeout,1850.82,1.714,2.24,45.4,201.21,3.01,169,220.29,0.329,1.25,37.3,129.76,0.78,101,1630.53,3.977,3.62,58.5,201.21,3.15,68
fixed,0.6,True,2.0,0.0,0.0,60,timeout,1450.74,1.343,1.9,39.8,268.34,2.32,169,279.76,0.418,1.31,38.8,162.41,0.91,101,1170.98,2.856,2.68,41.5,268.34,2.18,68
fixed,0.6,True,3.0,5.0,0.0,60,target,369.24,0.342,1.38,69.4,89.91,2.43,169,66.68,0.1,1.11,64.2,89.91,0.5,101,302.56,0.738,1.85,78.0,24.38,4.45,68
fixed,0.6,True,3.0,10.0,0.0,60,target,475.54,0.44,1.4,55.6,137.88,2.12,169,-37.53,-0.056,0.95,46.3,137.88,-0.22,101,513.07,1.251,2.14,70.7,87.25,3.86,68
fixed,0.6,True,3.0,20.0,0.0,60,target,659.22,0.61,1.5,45.4,192.15,2.01,169,156.57,0.234,1.21,44.8,117.23,0.72,101,502.65,1.226,1.88,46.3,192.15,2.09,68
fixed,0.6,True,3.0,0.0,2.0,60,trail,659.55,0.611,1.65,50.0,167.79,2.24,169,-43.87,-0.065,0.92,47.8,167.79,-0.33,101,703.42,1.716,2.59,53.7,65.12,2.83,68
fixed,0.6,True,3.0,0.0,3.0,60,trail,626.04,0.58,1.58,50.0,198.34,2.07,169,-67.56,-0.101,0.89,46.3,198.34,-0.47,101,693.6,1.692,2.57,56.1,80.36,2.75,68
fixed,0.6,True,3.0,0.0,5.0,60,trail,808.74,0.749,1.7,52.8,136.6,2.37,169,51.35,0.077,1.07,50.7,136.6,0.26,101,757.39,1.847,2.7,56.1,119.27,2.87,68
fixed,0.6,True,3.0,0.0,0.0,15,timeout,1140.93,1.056,1.97,51.9,135.28,2.74,169,42.8,0.064,1.06,44.8,135.25,0.23,101,1098.14,2.678,3.23,63.4,135.28,3.11,68
fixed,0.6,True,3.0,0.0,0.0,30,timeout,1026.03,0.95,1.82,45.4,166.49,2.45,169,49.76,0.074,1.07,40.3,129.88,0.25,101,976.26,2.381,2.86,53.7,166.49,2.78,68
fixed,0.6,True,3.0,0.0,0.0,60,timeout,766.53,0.71,1.57,43.5,258.2,1.8,169,114.31,0.171,1.15,44.8,137.48,0.53,101,652.22,1.591,2.08,41.5,258.2,1.79,68
fixed,0.6,True,5.0,5.0,0.0,60,target,141.99,0.131,1.19,44.4,46.65,1.38,169,56.81,0.085,1.13,47.8,46.65,0.64,101,85.18,0.208,1.27,39.0,25.65,1.63,68
fixed,0.6,True,5.0,10.0,0.0,60,target,191.71,0.178,1.21,61.1,128.21,1.27,169,-23.03,-0.034,0.96,55.2,128.21,-0.21,101,214.74,0.524,1.56,70.7,99.24,2.14,68
fixed,0.6,True,5.0,20.0,0.0,60,target,284.25,0.263,1.28,50.0,161.78,1.36,169,84.53,0.126,1.16,50.7,91.15,0.61,101,199.72,0.487,1.42,48.8,161.78,1.27,68
fixed,0.6,True,5.0,0.0,2.0,60,trail,286.87,0.266,1.37,47.2,109.2,1.6,169,-48.9,-0.073,0.88,46.3,106.41,-0.59,101,335.77,0.819,1.92,48.8,78.55,2.19,68
fixed,0.6,True,5.0,0.0,3.0,60,trail,259.07,0.24,1.31,45.4,120.01,1.4,169,-57.67,-0.086,0.87,44.8,113.93,-0.65,101,316.74,0.773,1.85,46.3,87.7,2.01,68
fixed,0.6,True,5.0,0.0,5.0,60,trail,384.27,0.356,1.44,52.8,112.08,1.83,169,33.26,0.05,1.07,52.2,103.38,0.27,101,351.01,0.856,1.93,53.7,112.08,2.12,68
fixed,0.6,True,5.0,0.0,0.0,15,timeout,587.03,0.544,1.69,50.0,131.76,2.34,169,28.92,0.043,1.06,44.8,80.24,0.27,101,558.11,1.361,2.39,58.5,131.76,2.56,68
fixed,0.6,True,5.0,0.0,0.0,30,timeout,521.07,0.482,1.55,49.1,150.49,2.05,169,42.77,0.064,1.08,47.8,84.08,0.34,101,478.3,1.167,2.11,51.2,150.49,2.21,68
fixed,0.6,True,5.0,0.0,0.0,60,timeout,340.64,0.315,1.33,47.2,218.73,1.29,169,59.17,0.088,1.11,50.7,111.43,0.43,101,281.46,0.686,1.56,41.5,218.73,1.25,68
fixed,0.6,True,8.0,5.0,0.0,60,target,59.91,0.055,1.12,47.2,37.03,1.01,169,64.19,0.096,1.24,50.7,26.34,1.43,101,-4.28,-0.01,0.98,41.5,37.03,-0.11,68
fixed,0.6,True,8.0,10.0,0.0,60,target,108.56,0.101,1.17,59.3,105.45,1.2,169,-19.87,-0.03,0.95,55.2,105.45,-0.29,101,128.43,0.313,1.45,65.9,32.12,2.24,68
fixed,0.6,True,8.0,20.0,0.0,60,target,137.5,0.127,1.19,47.2,98.67,1.03,169,40.35,0.06,1.11,47.8,98.67,0.47,101,97.15,0.237,1.27,46.3,91.93,0.94,68
fixed,0.6,True,8.0,0.0,2.0,60,trail,147.29,0.136,1.27,53.7,81.92,1.32,169,-12.71,-0.019,0.95,56.7,73.86,-0.24,101,159.99,0.39,1.57,48.8,55.55,1.65,68
fixed,0.6,True,8.0,0.0,3.0,60,trail,137.72,0.128,1.24,43.5,88.07,1.23,169,-18.46,-0.028,0.94,43.3,81.87,-0.36,101,156.18,0.381,1.55,43.9,55.93,1.59,68
fixed,0.6,True,8.0,0.0,5.0,60,trail,213.92,0.198,1.35,48.1,74.54,1.67,169,27.67,0.041,1.08,49.3,74.54,0.38,101,186.25,0.454,1.65,46.3,63.47,1.79,68
fixed,0.6,True,8.0,0.0,0.0,15,timeout,385.13,0.357,1.69,44.4,49.16,2.59,169,52.59,0.078,1.2,38.8,42.19,0.88,101,332.54,0.811,2.13,53.7,49.16,2.52,68
fixed,0.6,True,8.0,0.0,0.0,30,timeout,396.14,0.367,1.64,47.2,44.39,2.67,169,81.51,0.122,1.27,43.3,44.39,1.21,101,314.62,0.767,2.0,53.7,42.97,2.44,68
fixed,0.6,True,8.0,0.0,0.0,60,timeout,164.33,0.152,1.22,44.4,131.83,0.99,169,24.51,0.037,1.07,47.8,111.35,0.29,101,139.82,0.341,1.36,39.0,131.83,0.98,68
fixed,0.6,False,2.0,5.0,0.0,60,target,273.96,0.254,1.33,45.4,75.88,1.41,108,196.15,0.293,1.43,46.3,75.88,1.35,67,77.81,0.19,1.21,43.9,73.35,0.59,41
fixed,0.6,False,2.0,10.0,0.0,60,target,346.01,0.32,1.34,33.3,181.97,1.25,108,63.54,0.095,1.11,31.3,181.97,0.33,67,282.46,0.689,1.68,36.6,161.48,1.4,41
fixed,0.6,False,2.0,20.0,0.0,60,target,733.79,0.679,1.68,28.7,241.52,1.8,108,315.76,0.471,1.53,31.3,173.73,1.18,67,418.02,1.02,1.86,24.4,241.52,1.35,41
fixed,0.6,False,2.0,0.0,2.0,60,trail,557.76,0.516,1.61,39.8,176.64,1.68,108,102.88,0.154,1.21,43.3,176.64,0.62,67,454.88,1.109,2.05,34.1,161.48,1.59,41
fixed,0.6,False,2.0,0.0,3.0,60,trail,539.13,0.499,1.56,36.1,184.83,1.56,108,66.26,0.099,1.13,37.3,184.83,0.4,67,472.86,1.153,2.09,34.1,161.48,1.58,41
fixed,0.6,False,2.0,0.0,5.0,60,trail,777.97,0.72,1.8,36.1,161.48,1.88,108,203.26,0.303,1.37,37.3,158.57,0.84,67,574.71,1.402,2.33,34.1,161.48,1.72,41
fixed,0.6,False,2.0,0.0,0.0,15,timeout,1012.32,0.937,2.04,34.3,161.48,2.26,108,215.84,0.322,1.4,34.3,133.43,0.95,67,796.47,1.943,2.84,34.1,161.48,2.09,41
fixed,0.6,False,2.0,0.0,0.0,30,timeout,755.19,0.699,1.73,29.6,161.48,1.78,108,237.97,0.355,1.42,29.9,157.36,0.95,67,517.22,1.262,2.12,29.3,161.48,1.51,41
fixed,0.6,False,2.0,0.0,0.0,60,timeout,544.91,0.505,1.49,26.9,322.4,1.24,108,303.07,0.452,1.51,31.3,173.73,1.12,67,241.85,0.59,1.47,19.5,322.4,0.69,41
fixed,0.6,False,3.0,5.0,0.0,60,target,55.62,0.052,1.08,48.1,89.34,0.38,108,61.2,0.091,1.16,49.3,89.34,0.57,67,-5.58,-0.014,0.98,46.3,63.37,-0.06,41
fixed,0.6,False,3.0,10.0,0.0,60,target,103.97,0.096,1.12,38.0,158.86,0.52,108,-16.89,-0.025,0.97,37.3,158.86,-0.12,67,120.86,0.295,1.34,39.0,141.13,0.84,41
fixed,0.6,False,3.0,20.0,0.0,60,target,346.05,0.32,1.38,33.3,237.36,1.22,108,151.25,0.226,1.31,37.3,153.36,0.81,67,194.79,0.475,1.47,26.8,237.36,0.91,41
fixed,0.6,False,3.0,0.0,2.0,60,trail,241.43,0.224,1.32,43.5,156.62,1.04,108,8.96,0.013,1.02,47.8,156.62,0.08,67,232.47,0.567,1.63,36.6,141.13,1.17,41
fixed,0.6,False,3.0,0.0,3.0,60,trail,218.22,0.202,1.27,39.8,176.11,0.91,108,-26.25,-0.039,0.94,41.8,176.11,-0.22,67,244.46,0.596,1.66,36.6,141.13,1.18,41
fixed,0.6,False,3.0,0.0,5.0,60,trail,378.97,0.351,1.46,39.8,158.6,1.33,108,66.61,0.099,1.15,41.8,158.6,0.39,67,312.36,0.762,1.85,36.6,142.46,1.36,41
fixed,0.6,False,3.0,0.0,0.0,15,timeout,488.58,0.452,1.59,34.3,141.84,1.58,108,41.15,0.061,1.09,34.3,141.84,0.26,67,447.43,1.091,2.2,34.1,141.13,1.71,41
fixed,0.6,False,3.0,0.0,0.0,30,timeout,311.47,0.288,1.35,31.5,164.7,1.06,108,55.92,0.083,1.12,32.8,161.31,0.32,67,255.55,0.623,1.64,29.3,164.7,1.08,41
fixed,0.6,False,3.0,0.0,0.0,60,timeout,213.47,0.198,1.23,31.5,291.28,0.7,108,142.79,0.213,1.29,37.3,153.36,0.76,67,70.68,0.172,1.16,22.0,291.28,0.29,41
fixed,0.6,False,5.0,5.0,0.0,60,target,-85.9,-0.08,0.85,50.9,119.01,-0.81,108,0.1,0.0,1.0,53.7,63.92,0.0,67,-85.99,-0.21,0.68,46.3,98.94,-1.21,41
fixed,0.6,False,5.0,10.0,0.0,60,target,-103.32,-0.096,0.85,40.7,194.77,-0.77,108,-81.19,-0.121,0.78,41.8,156.59,-0.87,67,-22.13,-0.054,0.93,39.0,124.6,-0.23,41
fixed,0.6,False,5.0,20.0,0.0,60,target,59.53,0.055,1.08,37.0,191.79,0.32,108,19.7,0.029,1.05,41.8,136.34,0.16,67,39.82,0.097,1.12,29.3,191.79,0.29,41
fixed,0.6,False,5.0,0.0,2.0,60,trail,-7.08,-0.007,0.99,46.3,180.15,-0.05,108,-59.06,-0.088,0.81,50.7,122.63,-0.7,67,51.97,0.127,1.17,39.0,127.4,0.4,41
fixed,0.6,False,5.0,0.0,3.0,60,trail,-26.8,-0.025,0.96,42.6,217.31,-0.17,108,-74.83,-0.112,0.78,46.3,130.99,-0.88,67,48.03,0.117,1.15,36.6,129.4,0.36,41
fixed,0.6,False,5.0,0.0,5.0,60,trail,53.34,0.049,1.08,42.6,151.33,0.29,108,-35.43,-0.053,0.9,46.3,125.88,-0.32,67,88.77,0.217,1.28,36.6,139.55,0.6,41
fixed,0.6,False,5.0,0.0,0.0,15,timeout,149.66,0.139,1.23,37.0,126.57,0.76,108,-35.39,-0.053,0.9,37.3,124.35,-0.34,67,185.05,0.451,1.6,36.6,126.57,1.11,41
fixed,0.6,False,5.0,0.0,0.0,30,timeout,59.55,0.055,1.09,36.1,160.16,0.32,108,-0.75,-0.001,1.0,40.3,103.87,-0.01,67,60.3,0.147,1.18,29.3,160.16,0.4,41
fixed,0.6,False,5.0,0.0,0.0,60,timeout,-28.02,-0.026,0.96,35.2,224.14,-0.14,108,14.62,0.022,1.04,41.8,136.34,0.12,67,-42.65,-0.104,0.88,24.4,224.14,-0.28,41
fixed,0.6,False,8.0,5.0,0.0,60,target,-91.66,-0.085,0.78,54.6,143.93,-1.17,108,16.18,0.024,1.09,59.7,49.39,0.29,67,-107.84,-0.263,0.51,46.3,112.18,-1.97,41
fixed,0.6,False,8.0,10.0,0.0,60,target,-107.57,-0.1,0.79,45.4,169.3,-1.1,108,-53.54,-0.08,0.79,47.8,126.22,-0.79,67,-54.02,-0.132,0.78,41.5,81.12,-0.75,41
fixed,0.6,False,8.0,20.0,0.0,60,target,0.59,0.001,1.0,42.6,154.91,0.0,108,2.51,0.004,1.01,47.8,117.63,0.03,67,-1.92,-0.005,0.99,34.1,122.23,-0.02,41
fixed,0.6,False,8.0,0.0,2.0,60,trail,-37.04,-0.034,0.92,52.8,145.65,-0.35,108,-21.82,-0.033,0.89,59.7,79.67,-0.38,67,-15.21,-0.037,0.94,41.5,88.89,-0.17,41
fixed,0.6,False,8.0,0.0,3.0,60,trail,-46.09,-0.043,0.9,50.0,171.27,-0.42,108,-37.68,-0.056,0.83,55.2,101.59,-0.62,67,-8.41,-0.021,0.97,41.5,86.1,-0.09,41
fixed,0.6,False,8.0,0.0,5.0,60,trail,15.17,0.014,1.03,48.1,114.22,0.12,108,-14.36,-0.021,0.94,53.7,89.73,-0.19,67,29.52,0.072,1.12,39.0,86.73,0.29,41
fixed,0.6,False,8.0,0.0,0.0,15,timeout,75.33,0.07,1.16,43.5,90.34,0.57,108,-2.66,-0.004,0.99,44.8,77.91,-0.04,67,77.98,0.19,1.32,41.5,90.34,0.7,41
fixed,0.6,False,8.0,0.0,0.0,30,timeout,52.37,0.048,1.11,41.7,103.8,0.4,108,40.78,0.061,1.2,47.8,56.33,0.54,67,11.59,0.028,1.04,31.7,103.8,0.11,41
fixed,0.6,False,8.0,0.0,0.0,60,timeout,-62.54,-0.058,0.89,40.7,161.11,-0.47,108,-0.66,-0.001,1.0,47.8,117.63,-0.01,67,-61.88,-0.151,0.79,29.3,142.45,-0.58,41
fixed,1.0,True,2.0,5.0,0.0,60,target,843.25,0.781,1.88,67.6,120.13,3.91,150,220.4,0.329,1.33,55.2,120.13,1.24,93,622.84,1.519,3.11,87.8,26.56,5.84,57
fixed,1.0,True,2.0,10.0,0.0,60,target,871.03,0.807,1.69,48.1,177.72,2.74,150,88.43,0.132,1.11,37.3,146.33,0.39,93,782.6,1.909,2.79,65.9,177.72,3.77,57
fixed,1.0,True,2.0,20.0,0.0,60,target,1346.78,1.247,2.0,40.7,177.05,2.87,150,383.43,0.572,1.47,35.8,123.05,1.25,93,963.34,2.35,2.81,48.8,177.05,2.78,57
fixed,1.0,True,2.0,0.0,2.0,60,trail,1350.32,1.25,2.39,59.3,139.25,3.08,150,102.76,0.153,1.17,52.2,139.25,0.59,93,1247.56,3.043,4.26,70.7,64.16,3.3,57
fixed,1.0,True,2.0,0.0,3.0,60,trail,1224.71,1.134,2.1,50.9,157.37,2.72,150,3.43,0.005,1.0,41.8,157.37,0.02,93,1221.28,2.979,4.11,65.9,71.46,3.2,57
fixed,1.0,True,2.0,0.0,5.0,60,trail,1493.0,1.382,2.27,48.1,127.85,2.97,150,223.98,0.334,1.29,40.3,120.13,0.82,93,1269.02,3.095,4.09,61.0,127.85,3.16,57
fixed,1.0,True,2.0,0.0,0.0,15,timeout,2031.21,1.881,2.69,50.0,174.49,3.26,150,253.55,0.378,1.34,43.3,120.13,1.01,93,1777.66,4.336,4.89,61.0,174.49,3.3,57
fixed,1.0,True,2.0,0.0,0.0,30,timeout,1928.73,1.786,2.51,46.3,170.85,3.1,150,315.99,0.472,1.41,43.3,120.13,1.14,93,1612.74,3.934,4.2,51.2,170.85,3.03,57
fixed,1.0,True,2.0,0.0,0.0,60,timeout,1501.07,1.39,2.08,38.0,273.49,2.37,150,310.04,0.463,1.38,35.8,130.78,1.04,93,1191.02,2.905,3.07,41.5,273.49,2.17,57
fixed,1.0,True,3.0,5.0,0.0,60,target,392.1,0.363,1.47,66.7,113.11,2.4,150,-5.13,-0.008,0.99,55.2,113.11,-0.04,93,397.23,0.969,2.69,85.4,24.38,5.44,57
fixed,1.0,True,3.0,10.0,0.0,60,target,420.04,0.389,1.39,51.9,178.07,1.79,150,-111.87,-0.167,0.85,38.8,178.07,-0.66,93,531.92,1.297,2.52,73.2,124.74,3.63,57
fixed,1.0,True,3.0,20.0,0.0,60,target,659.92,0.611,1.56,42.6,174.51,2.0,150,84.79,0.127,1.12,37.3,130.28,0.39,93,575.13,1.403,2.28,51.2,174.51,2.38,57
fixed,1.0,True,3.0,0.0,2.0,60,trail,721.62,0.668,1.87,55.6,168.62,2.36,150,-58.39,-0.087,0.89,47.8,168.62,-0.44,93,780.01,1.902,3.51,68.3,67.42,3.02,57
fixed,1.0,True,3.0,0.0,3.0,60,trail,648.42,0.6,1.68,52.8,217.2,2.06,150,-147.03,-0.219,0.77,43.3,217.2,-1.01,93,795.45,1.94,3.49,68.3,72.79,3.07,57
fixed,1.0,True,3.0,0.0,5.0,60,trail,837.95,0.776,1.84,50.0,143.94,2.4,150,-10.11,-0.015,0.99,41.8,143.94,-0.05,93,848.06,2.068,3.62,63.4,85.85,3.13,57
fixed,1.0,True,3.0,0.0,0.0,15,timeout,1209.56,1.12,2.2,52.8,123.53,2.83,150,37.42,0.056,1.06,44.8,110.43,0.21,93,1172.14,2.859,4.12,65.9,123.53,3.22,57
fixed,1.0,True,3.0,0.0,0.0,30,timeout,1103.81,1.022,2.01,47.2,149.77,2.58,150,45.89,0.068,1.07,43.3,117.65,0.23,93,1057.91,2.58,3.58,53.7,149.77,2.95,57
fixed,1.0,True,3.0,0.0,0.0,60,timeout,775.02,0.718,1.64,40.7,224.69,1.78,150,35.87,0.054,1.05,37.3,151.86,0.17,93,739.15,1.803,2.55,46.3,224.69,1.99,57
fixed,1.0,True,5.0,5.0,0.0,60,target,210.34,0.195,1.35,50.9,67.56,2.02,150,29.07,0.043,1.07,44.8,67.56,0.33,93,181.26,0.442,1.91,61.0,23.92,3.41,57
fixed,1.0,True,5.0,10.0,0.0,60,target,200.76,0.186,1.25,57.4,125.25,1.26,150,-56.56,-0.084,0.89,47.8,125.25,-0.51,93,257.32,0.628,1.88,73.2,124.78,2.37,57
fixed,1.0,True,5.0,20.0,0.0,60,target,328.55,0.304,1.37,48.1,137.83,1.56,150,48.57,0.072,1.09,43.3,92.3,0.35,93,279.98,0.683,1.77,56.1,137.83,1.78,57
fixed,1.0,True,5.0,0.0,2.0,60,trail,361.27,0.335,1.59,55.6,104.86,1.91,150,-44.78,-0.067,0.88,47.8,104.86,-0.54,93,406.05,0.99,2.61,68.3,58.13,2.49,57
fixed,1.0,True,5.0,0.0,3.0,60,trail,299.14,0.277,1.42,50.0,140.46,1.52,150,-100.11,-0.149,0.78,41.8,140.46,-1.07,93,399.25,0.974,2.47,63.4,66.95,2.42,57
fixed,1.0,True,5.0,0.0,5.0,60,trail,406.82,0.377,1.54,50.0,114.51,1.85,150,-20.94,-0.031,0.96,43.3,114.51,-0.17,93,427.77,1.043,2.56,61.0,80.47,2.47,57
fixed,1.0,True,5.0,0.0,0.0,15,timeout,622.82,0.577,1.83,50.9,108.61,2.36,150,-3.84,-0.006,0.99,43.3,86.73,-0.03,93,626.66,1.528,3.03,63.4,108.61,2.75,57
fixed,1.0,True,5.0,0.0,0.0,30,timeout,562.36,0.521,1.68,50.0,127.34,2.13,150,12.29,0.018,1.03,49.3,83.51,0.1,93,550.07,1.342,2.62,51.2,127.34,2.46,57
fixed,1.0,True,5.0,0.0,0.0,60,timeout,389.61,0.361,1.43,45.4,167.12,1.44,150,19.22,0.029,1.04,43.3,113.38,0.14,93,370.39,0.903,1.95,48.8,167.12,1.6,57
fixed,1.0,True,8.0,5.0,0.0,60,target,110.11,0.102,1.25,50.9,33.0,1.83,150,40.01,0.06,1.15,44.8,33.0,0.89,93,70.1,0.171,1.42,61.0,23.83,1.75,57
fixed,1.0,True,8.0,10.0,0.0,60,target,118.26,0.109,1.2,57.4,104.45,1.15,150,-43.43,-0.065,0.88,47.8,104.45,-0.61,93,161.69,0.394,1.74,73.2,77.65,2.26,57
fixed,1.0,True,8.0,20.0,0.0,60,target,169.23,0.157,1.26,46.3,97.42,1.23,150,9.14,0.014,1.02,40.3,97.42,0.1,93,160.09,0.39,1.58,56.1,76.37,1.53,57
fixed,1.0,True,8.0,0.0,2.0,60,trail,232.54,0.215,1.56,58.3,71.78,1.97,150,-18.09,-0.027,0.92,53.7,71.78,-0.34,93,250.63,0.611,2.41,65.9,27.12,2.47,57
fixed,1.0,True,8.0,0.0,3.0,60,trail,187.16,0.173,1.38,48.1,81.05,1.56,150,-46.57,-0.07,0.84,40.3,81.05,-0.87,93,233.74,0.57,2.18,61.0,37.84,2.26,57
fixed,1.0,True,8.0,0.0,5.0,60,trail,240.28,0.222,1.44,45.4,74.15,1.75,150,-7.58,-0.011,0.98,40.3,74.15,-0.1,93,247.86,0.605,2.16,53.7,52.45,2.22,57
fixed,1.0,True,8.0,0.0,0.0,15,timeout,434.76,0.403,1.93,48.1,43.88,2.72,150,34.99,0.052,1.13,37.3,43.88,0.56,93,399.76,0.975,2.92,65.9,40.23,2.84,57
fixed,1.0,True,8.0,0.0,0.0,30,timeout,447.26,0.414,1.86,49.1,44.09,2.82,150,65.46,0.098,1.22,44.8,44.09,0.94,93,381.8,0.931,2.65,56.1,35.54,2.79,57
fixed,1.0,True,8.0,0.0,0.0,60,timeout,198.48,0.184,1.3,42.6,110.59,1.14,150,-9.21,-0.014,0.98,38.8,110.59,-0.11,93,207.69,0.507,1.69,48.8,106.86,1.39,57
fixed,1.0,False,2.0,5.0,0.0,60,target,671.17,0.621,2.06,52.8,77.14,3.51,104,237.36,0.354,1.57,44.8,77.14,1.66,64,433.82,1.058,3.04,65.9,37.35,3.52,40
fixed,1.0,False,2.0,10.0,0.0,60,target,740.19,0.685,1.87,38.0,170.06,2.59,104,133.86,0.2,1.25,29.9,170.06,0.7,64,606.33,1.479,2.99,51.2,154.55,2.97,40
fixed,1.0,False,2.0,20.0,0.0,60,target,1232.11,1.141,2.35,33.3,202.63,2.89,104,382.26,0.571,1.71,29.9,163.82,1.43,64,849.86,2.073,3.29,39.0,202.63,2.61,40
fixed,1.0,False,2.0,0.0,2.0,60,trail,1269.2,1.175,2.85,48.1,139.98,2.97,104,176.05,0.263,1.43,43.3,139.98,1.12,64,1093.15,2.666,4.91,56.1,103.6,2.87,40
fixed,1.0,False,2.0,0.0,3.0,60,trail,1190.05,1.102,2.57,43.5,163.11,2.73,104,118.98,0.178,1.25,37.3,163.11,0.71,64,1071.07,2.612,4.81,53.7,108.6,2.77,40
fixed,1.0,False,2.0,0.0,5.0,60,trail,1444.67,1.338,2.83,38.9,146.79,2.99,104,266.34,0.398,1.54,32.8,146.79,1.1,64,1178.33,2.874,4.96,48.8,130.86,2.93,40
fixed,1.0,False,2.0,0.0,0.0,15,timeout,1939.25,1.796,3.38,39.8,154.55,3.19,104,307.11,0.458,1.62,34.3,111.56,1.34,64,1632.14,3.981,6.1,48.8,154.55,3.03,40
fixed,1.0,False,2.0,0.0,0.0,30,timeout,1623.98,1.504,2.85,37.0,154.55,2.94,104,356.03,0.531,1.7,35.8,142.7,1.42,64,1267.95,3.093,4.45,39.0,154.55,2.65,40
fixed,1.0,False,2.0,0.0,0.0,60,timeout,1300.71,1.204,2.36,30.6,238.61,2.39,104,361.56,0.54,1.67,29.9,163.82,1.35,64,939.15,2.291,3.27,31.7,238.61,2.0,40
fixed,1.0,False,3.0,5.0,0.0,60,target,335.42,0.311,1.62,53.7,86.82,2.37,104,74.81,0.112,1.21,44.8,86.82,0.7,64,260.62,0.636,2.49,68.3,38.38,2.88,40
fixed,1.0,False,3.0,10.0,0.0,60,target,397.76,0.368,1.56,40.7,169.99,1.94,104,-2.92,-0.004,0.99,31.3,169.99,-0.02,64,400.68,0.977,2.64,56.1,91.46,2.76,40
fixed,1.0,False,3.0,20.0,0.0,60,target,662.93,0.614,1.85,35.2,179.63,2.25,104,162.68,0.243,1.35,31.3,165.83,0.87,64,500.24,1.22,2.57,41.5,179.63,2.22,40
fixed,1.0,False,3.0,0.0,2.0,60,trail,728.44,0.674,2.26,49.1,127.75,2.48,104,42.45,0.063,1.12,43.3,127.75,0.37,64,685.99,1.673,3.95,58.5,92.54,2.64,40
fixed,1.0,False,3.0,0.0,3.0,60,trail,670.83,0.621,2.05,45.4,159.17,2.24,104,-1.28,-0.002,1.0,38.8,159.17,-0.01,64,672.11,1.639,3.88,56.1,95.88,2.56,40
fixed,1.0,False,3.0,0.0,5.0,60,trail,867.79,0.804,2.33,41.7,148.29,2.62,104,96.8,0.144,1.23,34.3,148.29,0.57,64,770.99,1.88,4.28,53.7,86.78,2.83,40
fixed,1.0,False,3.0,0.0,0.0,15,timeout,1173.27,1.086,2.71,41.7,124.81,2.84,104,114.84,0.171,1.27,35.8,124.81,0.72,64,1058.43,2.582,4.99,51.2,102.39,2.91,40
fixed,1.0,False,3.0,0.0,0.0,30,timeout,946.62,0.877,2.29,38.9,148.41,2.51,104,143.55,0.214,1.33,37.3,148.41,0.82,64,803.08,1.959,3.68,41.5,132.35,2.47,40
fixed,1.0,False,3.0,0.0,0.0,60,timeout,720.9,0.667,1.89,33.3,180.27,1.94,104,148.89,0.222,1.32,31.3,165.83,0.8,64,572.01,1.395,2.65,36.6,180.27,1.79,40
fixed,1.0,False,5.0,5.0,0.0,60,target,99.65,0.092,1.22,55.6,85.26,0.98,104,-9.92,-0.015,0.97,47.8,85.26,-0.13,64,109.57,0.267,1.72,68.3,39.03,1.67,40
fixed,1.0,False,5.0,10.0,0.0,60,target,101.53,0.094,1.18,43.5,139.77,0.73,104,-72.67,-0.108,0.8,35.8,139.77,-0.77,64,174.2,0.425,1.82,56.1,90.28,1.77,40
fixed,1.0,False,5.0,20.0,0.0,60,target,272.16,0.252,1.43,38.9,137.28,1.43,104,26.69,0.04,1.07,35.8,137.28,0.22,64,245.47,0.599,1.93,43.9,131.0,1.69,40
fixed,1.0,False,5.0,0.0,2.0,60,trail,321.53,0.298,1.69,50.9,118.23,1.73,104,-37.72,-0.056,0.86,46.3,118.23,-0.48,64,359.25,0.876,2.87,58.5,87.12,2.2,40
fixed,1.0,False,5.0,0.0,3.0,60,trail,272.46,0.252,1.52,48.1,133.39,1.43,104,-68.01,-0.102,0.79,43.3,133.39,-0.81,64,340.47,0.83,2.68,56.1,91.12,2.06,40
fixed,1.0,False,5.0,0.0,5.0,60,trail,371.35,0.344,1.68,43.5,138.2,1.77,104,-28.44,-0.042,0.92,37.3,138.2,-0.26,64,399.79,0.975,2.96,53.7,87.61,2.33,40
fixed,1.0,False,5.0,0.0,0.0,15,timeout,569.24,0.527,2.03,42.6,117.02,2.21,104,4.39,0.007,1.01,37.3,117.02,0.04,64,564.85,1.378,3.46,51.2,96.85,2.49,40
fixed,1.0,False,5.0,0.0,0.0,30,timeout,438.79,0.406,1.74,42.6,115.71,1.85,104,35.15,0.052,1.11,43.3,114.38,0.31,64,403.63,0.984,2.56,41.5,115.71,1.98,40
fixed,1.0,False,5.0,0.0,0.0,60,timeout,298.94,0.277,1.46,37.0,140.53,1.28,104,18.41,0.027,1.05,35.8,137.28,0.15,64,280.53,0.684,1.98,39.0,140.53,1.41,40
fixed,1.0,False,8.0,5.0,0.0,60,target,41.5,0.038,1.13,59.3,44.06,0.56,104,8.53,0.013,1.04,53.7,42.13,0.15,64,32.97,0.08,1.25,68.3,30.74,0.66,40
fixed,1.0,False,8.0,10.0,0.0,60,target,62.3,0.058,1.15,48.1,122.12,0.63,104,-63.74,-0.095,0.76,38.8,118.9,-0.93,64,126.03,0.307,1.82,63.4,59.75,1.8,40
fixed,1.0,False,8.0,20.0,0.0,60,target,153.31,0.142,1.34,44.4,113.25,1.18,104,-9.14,-0.014,0.97,38.8,113.25,-0.11,64,162.45,0.396,1.86,53.7,83.81,1.65,40
fixed,1.0,False,8.0,0.0,2.0,60,trail,194.07,0.18,1.6,56.5,75.15,1.58,104,-15.88,-0.024,0.91,52.2,71.66,-0.28,64,209.94,0.512,2.47,63.4,55.41,1.97,40
fixed,1.0,False,8.0,0.0,3.0,60,trail,149.18,0.138,1.4,54.6,110.19,1.18,104,-42.83,-0.064,0.81,50.7,90.98,-0.7,64,192.01,0.468,2.25,61.0,57.89,1.77,40
fixed,1.0,False,8.0,0.0,5.0,60,trail,205.34,0.19,1.51,48.1,87.96,1.47,104,-26.37,-0.039,0.89,43.3,87.96,-0.35,64,231.72,0.565,2.41,56.1,73.02,2.03,40
fixed,1.0,False,8.0,0.0,0.0,15,timeout,374.1,0.346,2.03,48.1,75.53,2.26,104,8.33,0.012,1.04,41.8,75.53,0.12,64,365.77,0.892,3.38,58.5,58.39,2.54,40
fixed,1.0,False,8.0,0.0,0.0,30,timeout,342.28,0.317,1.91,49.1,60.43,2.21,104,52.15,0.078,1.26,49.3,59.58,0.69,64,290.13,0.708,2.65,48.8,60.43,2.19,40
fixed,1.0,False,8.0,0.0,0.0,60,timeout,161.13,0.149,1.34,42.6,113.25,1.04,104,-14.31,-0.021,0.95,38.8,113.25,-0.17,64,175.44,0.428,1.83,48.8,95.98,1.34,40
fixed,1.5,True,2.0,5.0,0.0,60,target,635.39,0.588,1.72,57.4,103.33,2.96,134,81.87,0.122,1.13,44.8,103.33,0.49,82,553.52,1.35,3.12,78.0,66.52,4.58,52
fixed,1.5,True,2.0,10.0,0.0,60,target,814.43,0.754,1.72,41.7,168.14,2.58,134,54.42,0.081,1.07,31.3,123.98,0.25,82,760.0,1.854,2.95,58.5,168.14,3.57,52
fixed,1.5,True,2.0,20.0,0.0,60,target,1264.15,1.171,2.03,34.3,168.14,2.72,134,319.79,0.477,1.43,29.9,114.02,1.08,82,944.35,2.303,2.95,41.5,168.14,2.69,52
fixed,1.5,True,2.0,0.0,2.0,60,trail,1156.77,1.071,2.23,49.1,197.41,2.64,134,-17.67,-0.026,0.97,41.8,197.41,-0.1,82,1174.45,2.865,4.4,61.0,102.82,3.1,52
fixed,1.5,True,2.0,0.0,3.0,60,trail,1088.17,1.008,2.08,49.1,188.45,2.44,134,-44.51,-0.066,0.93,41.8,188.45,-0.25,82,1132.68,2.763,4.17,61.0,105.87,2.94,52
fixed,1.5,True,2.0,0.0,5.0,60,trail,1334.37,1.236,2.21,41.7,162.12,2.68,134,184.03,0.275,1.26,34.3,115.85,0.7,82,1150.34,2.806,3.88,53.7,162.12,2.84,52
fixed,1.5,True,2.0,0.0,0.0,15,timeout,1974.56,1.828,2.87,47.2,165.58,3.21,134,246.27,0.368,1.38,43.3,87.27,1.02,82,1728.29,4.215,5.33,53.7,165.58,3.22,52
fixed,1.5,True,2.0,0.0,0.0,30,timeout,1810.6,1.676,2.57,40.7,160.0,2.94,134,252.93,0.378,1.36,37.3,106.27,0.95,82,1557.67,3.799,4.48,46.3,160.0,2.94,52
fixed,1.5,True,2.0,0.0,0.0,60,timeout,1384.22,1.282,2.09,31.5,248.13,2.23,134,237.19,0.354,1.32,29.9,136.16,0.84,82,1147.03,2.798,3.18,34.1,248.13,2.11,52
fixed,1.5,True,3.0,5.0,0.0,60,target,424.7,0.393,1.6,63.9,106.59,2.72,134,-24.62,-0.037,0.95,49.3,106.59,-0.19,82,449.32,1.096,3.74,87.8,24.38,6.6,52
fixed,1.5,True,3.0,10.0,0.0,60,target,472.07,0.437,1.5,49.1,149.65,2.05,134,-69.56,-0.104,0.89,35.8,135.76,-0.43,82,541.63,1.321,2.86,70.7,149.65,3.7,52
fixed,1.5,True,3.0,20.0,0.0,60,target,738.9,0.684,1.72,41.7,149.65,2.26,134,108.25,0.162,1.17,34.3,103.2,0.51,82,630.65,1.538,2.67,53.7,149.65,2.62,52
fixed,1.5,True,3.0,0.0,2.0,60,trail,683.38,0.633,1.89,53.7,189.04,2.26,134,-119.21,-0.178,0.77,43.3,189.04,-0.92,82,802.59,1.958,4.21,70.7,61.06,3.17,52
fixed,1.5,True,3.0,0.0,3.0,60,trail,670.63,0.621,1.81,55.6,218.16,2.17,134,-154.24,-0.23,0.73,44.8,218.16,-1.13,82,824.88,2.012,4.32,73.2,69.76,3.23,52
fixed,1.5,True,3.0,0.0,5.0,60,trail,802.23,0.743,1.88,47.2,135.29,2.33,134,-17.13,-0.026,0.97,37.3,135.29,-0.09,82,819.35,1.998,3.86,63.4,120.98,3.03,52
fixed,1.5,True,3.0,0.0,0.0,15,timeout,1208.22,1.119,2.37,50.9,147.95,2.86,134,47.39,0.071,1.08,44.8,98.85,0.27,82,1160.82,2.831,4.65,61.0,147.95,3.21,52
fixed,1.5,True,3.0,0.0,0.0,30,timeout,1119.37,1.036,2.16,46.3,144.23,2.65,134,39.49,0.059,1.06,40.3,114.46,0.2,82,1079.89,2.634,4.12,56.1,144.23,3.04,52
fixed,1.5,True,3.0,0.0,0.0,60,timeout,829.52,0.768,1.78,39.8,198.43,1.95,134,53.18,0.079,1.08,34.3,133.65,0.26,82,776.34,1.894,2.91,48.8,198.43,2.13,52
fixed,1.5,True,5.0,5.0,0.0,60,target,151.97,0.141,1.27,52.8,118.76,1.39,134,-71.49,-0.107,0.83,41.8,118.76,-0.78,82,223.47,0.545,2.55,70.7,23.85,4.38,52
fixed,1.5,True,5.0,10.0,0.0,60,target,193.52,0.179,1.26,52.8,152.86,1.18,134,-107.6,-0.161,0.78,40.3,152.86,-0.94,82,301.12,0.734,2.26,73.2,110.39,2.77,52
fixed,1.5,True,5.0,20.0,0.0,60,target,319.23,0.296,1.4,46.3,137.14,1.49,134,-0.91,-0.001,1.0,38.8,120.8,-0.01,82,320.14,0.781,2.02,58.5,137.14,2.04,52
fixed,1.5,True,5.0,0.0,2.0,60,trail,284.37,0.263,1.47,51.9,172.5,1.46,134,-127.06,-0.19,0.67,43.3,172.5,-1.41,82,411.43,1.003,2.87,65.9,66.39,2.53,52
fixed,1.5,True,5.0,0.0,3.0,60,trail,261.74,0.242,1.39,51.9,201.4,1.3,134,-163.05,-0.243,0.63,43.3,201.4,-1.66,82,424.8,1.036,2.94,65.9,73.31,2.59,52
fixed,1.5,True,5.0,0.0,5.0,60,trail,360.61,0.334,1.51,48.1,153.66,1.63,134,-91.12,-0.136,0.81,37.3,153.66,-0.71,82,451.73,1.102,2.96,65.9,90.04,2.65,52
fixed,1.5,True,5.0,0.0,0.0,15,timeout,594.87,0.551,1.86,50.0,120.17,2.24,134,-51.46,-0.077,0.88,43.3,120.17,-0.44,82,646.33,1.576,3.5,61.0,111.88,2.86,52
fixed,1.5,True,5.0,0.0,0.0,30,timeout,512.03,0.474,1.67,47.2,145.89,1.92,134,-62.7,-0.094,0.87,43.3,145.89,-0.48,82,574.73,1.402,2.99,53.7,127.62,2.59,52
fixed,1.5,True,5.0,0.0,0.0,60,timeout,365.6,0.339,1.44,44.4,152.92,1.36,134,-33.95,-0.051,0.93,38.8,142.87,-0.25,82,399.55,0.975,2.18,53.7,152.92,1.76,52
fixed,1.5,True,8.0,5.0,0.0,60,target,136.28,0.126,1.37,55.6,31.19,2.11,134,26.11,0.039,1.1,46.3,31.19,0.51,82,110.17,0.269,1.92,70.7,18.71,2.93,52
fixed,1.5,True,8.0,10.0,0.0,60,target,161.38,0.149,1.32,56.5,92.3,1.53,134,-17.75,-0.026,0.94,47.8,92.3,-0.25,82,179.14,0.437,1.98,70.7,65.18,2.39,52
fixed,1.5,True,8.0,20.0,0.0,60,target,213.36,0.198,1.38,49.1,90.16,1.54,134,31.86,0.048,1.1,41.8,90.16,0.36,82,181.5,0.443,1.75,61.0,72.73,1.7,52
fixed,1.5,True,8.0,0.0,2.0,60,trail,230.78,0.214,1.61,53.7,77.6,1.98,134,-27.3,-0.041,0.88,47.8,77.6,-0.54,82,258.08,0.629,2.71,63.4,32.69,2.57,52
fixed,1.5,True,8.0,0.0,3.0,60,trail,217.13,0.201,1.53,53.7,78.54,1.81,134,-44.39,-0.066,0.83,46.3,78.54,-0.85,82,261.52,0.638,2.74,65.9,39.5,2.56,52
fixed,1.5,True,8.0,0.0,5.0,60,trail,297.25,0.275,1.65,51.9,83.07,2.18,134,1.31,0.002,1.0,41.8,83.07,0.02,82,295.95,0.722,2.79,68.3,41.95,2.73,52
fixed,1.5,True,8.0,0.0,0.0,15,timeout,438.39,0.406,2.06,50.9,46.56,2.71,134,31.16,0.047,1.13,41.8,46.56,0.5,82,407.23,0.993,3.32,65.9,44.6,2.86,52
fixed,1.5,True,8.0,0.0,0.0,30,timeout,456.65,0.423,2.01,50.0,49.53,2.86,134,69.57,0.104,1.28,44.8,49.53,1.0,82,387.09,0.944,2.95,58.5,35.22,2.79,52
fixed,1.5,True,8.0,0.0,0.0,60,timeout,232.81,0.216,1.4,46.3,103.96,1.35,134,11.21,0.017,1.03,40.3,103.96,0.13,82,221.6,0.54,1.84,56.1,92.28,1.5,52
fixed,1.5,False,2.0,5.0,0.0,60,target,702.16,0.65,2.18,51.9,90.27,3.73,102,213.95,0.319,1.51,41.8,90.27,1.51,62,488.21,1.191,3.74,68.3,42.5,4.17,40
fixed,1.5,False,2.0,10.0,0.0,60,target,823.06,0.762,2.01,36.1,145.97,2.84,102,111.5,0.166,1.21,26.9,145.97,0.59,62,711.56,1.736,3.52,51.2,116.15,3.46,40
fixed,1.5,False,2.0,20.0,0.0,60,target,1332.55,1.234,2.51,31.5,142.23,3.08,102,358.24,0.535,1.67,26.9,142.23,1.35,62,974.3,2.376,3.81,39.0,116.15,2.94,40
fixed,1.5,False,2.0,0.0,2.0,60,trail,1338.03,1.239,3.11,48.1,142.51,3.18,102,127.9,0.191,1.32,40.3,142.51,0.86,62,1210.13,2.952,6.18,61.0,67.7,3.26,40
fixed,1.5,False,2.0,0.0,3.0,60,trail,1258.68,1.165,2.79,46.3,145.98,2.94,102,93.28,0.139,1.2,38.8,145.98,0.59,62,1165.4,2.842,5.75,58.5,72.7,3.09,40
fixed,1.5,False,2.0,0.0,5.0,60,trail,1499.58,1.388,2.94,38.0,131.07,3.13,102,268.51,0.401,1.54,29.9,131.07,1.1,62,1231.06,3.003,5.47,51.2,106.01,3.13,40
fixed,1.5,False,2.0,0.0,0.0,15,timeout,2103.75,1.948,3.9,43.5,116.15,3.51,102,339.91,0.507,1.76,38.8,93.02,1.54,62,1763.84,4.302,7.4,51.2,116.15,3.35,40
fixed,1.5,False,2.0,0.0,0.0,30,timeout,1702.55,1.576,3.06,37.0,123.6,3.11,102,319.06,0.476,1.64,32.8,123.6,1.3,62,1383.49,3.374,5.28,43.9,116.15,2.95,40
fixed,1.5,False,2.0,0.0,0.0,60,timeout,1297.62,1.201,2.4,28.7,153.86,2.42,102,330.83,0.494,1.62,26.9,142.23,1.25,62,966.79,2.358,3.48,31.7,153.86,2.1,40
fixed,1.5,False,3.0,5.0,0.0,60,target,432.74,0.401,1.89,56.5,103.46,3.11,102,65.51,0.098,1.18,43.3,103.46,0.61,62,367.23,0.896,4.2,78.0,27.03,4.6,40
fixed,1.5,False,3.0,10.0,0.0,60,target,494.95,0.458,1.73,41.7,148.11,2.37,102,-1.98,-0.003,1.0,29.9,148.11,-0.01,62,496.93,1.212,3.39,61.0,104.1,3.48,40
fixed,1.5,False,3.0,20.0,0.0,60,target,808.3,0.748,2.1,37.0,145.62,2.7,102,163.42,0.244,1.35,29.9,145.62,0.87,62,644.89,1.573,3.4,48.8,104.1,2.86,40
fixed,1.5,False,3.0,0.0,2.0,60,trail,799.7,0.74,2.51,50.9,142.94,2.77,102,7.63,0.011,1.02,41.8,142.94,0.07,62,792.07,1.932,5.55,65.9,61.8,3.16,40
fixed,1.5,False,3.0,0.0,3.0,60,trail,782.87,0.725,2.35,50.9,146.82,2.66,102,-36.18,-0.054,0.91,40.3,146.82,-0.31,62,819.05,1.998,5.74,68.3,65.13,3.25,40
fixed,1.5,False,3.0,0.0,5.0,60,trail,911.75,0.844,2.42,42.6,134.82,2.78,102,68.73,0.103,1.15,31.3,134.82,0.4,62,843.02,2.056,5.22,61.0,94.01,3.2,40
fixed,1.5,False,3.0,0.0,0.0,15,timeout,1329.64,1.231,3.17,46.3,104.57,3.27,102,143.81,0.215,1.37,40.3,104.57,0.92,62,1185.82,2.892,6.4,56.1,104.1,3.35,40
fixed,1.5,False,3.0,0.0,0.0,30,timeout,1089.38,1.009,2.59,41.7,129.84,2.91,102,125.82,0.188,1.29,35.8,129.84,0.73,62,963.55,2.35,4.89,51.2,104.1,3.05,40
fixed,1.5,False,3.0,0.0,0.0,60,timeout,795.59,0.737,2.04,35.2,145.62,2.17,102,145.14,0.217,1.31,29.9,145.62,0.78,62,650.45,1.586,3.2,43.9,130.12,2.09,40
fixed,1.5,False,5.0,5.0,0.0,60,target,177.88,0.165,1.46,58.3,110.12,1.82,102,-11.65,-0.017,0.96,46.3,110.12,-0.15,62,189.52,0.462,2.9,78.0,25.32,3.31,40
fixed,1.5,False,5.0,10.0,0.0,60,target,234.31,0.217,1.46,47.2,133.82,1.69,102,-36.76,-0.055,0.89,37.3,133.82,-0.39,62,271.07,0.661,2.58,63.4,62.92,2.82,40
fixed,1.5,False,5.0,20.0,0.0,60,target,403.72,0.374,1.72,42.6,132.33,2.11,102,62.48,0.093,1.18,37.3,132.33,0.51,62,341.25,0.832,2.53,51.2,94.73,2.37,40
fixed,1.5,False,5.0,0.0,2.0,60,trail,383.03,0.355,1.91,53.7,141.96,2.1,102,-45.4,-0.068,0.83,46.3,141.96,-0.6,62,428.43,1.045,3.83,65.9,57.17,2.73,40
fixed,1.5,False,5.0,0.0,3.0,60,trail,363.25,0.336,1.78,53.7,144.62,1.94,102,-81.36,-0.121,0.74,44.8,144.62,-1.01,62,444.62,1.084,3.95,68.3,59.17,2.81,40
fixed,1.5,False,5.0,0.0,5.0,60,trail,452.23,0.419,1.9,46.3,138.52,2.19,102,-20.78,-0.031,0.94,35.8,138.52,-0.19,62,473.01,1.154,3.91,63.4,62.48,2.88,40
fixed,1.5,False,5.0,0.0,0.0,15,timeout,698.45,0.647,2.44,48.1,113.4,2.76,102,21.71,0.032,1.07,41.8,113.4,0.21,62,676.74,1.651,4.79,58.5,70.49,3.11,40
fixed,1.5,False,5.0,0.0,0.0,30,timeout,540.53,0.5,2.01,44.4,134.67,2.31,102,23.12,0.035,1.07,40.3,134.67,0.21,62,517.4,1.262,3.47,51.2,88.46,2.62,40
fixed,1.5,False,5.0,0.0,0.0,60,timeout,388.09,0.359,1.66,40.7,132.33,1.69,102,51.51,0.077,1.15,37.3,132.33,0.43,62,336.58,0.821,2.36,46.3,100.46,1.74,40
fixed,1.5,False,8.0,5.0,0.0,60,target,156.1,0.145,1.65,64.8,30.28,2.31,102,58.84,0.088,1.38,56.7,30.28,1.13,62,97.26,0.237,2.17,78.0,21.06,2.26,40
fixed,1.5,False,8.0,10.0,0.0,60,target,194.02,0.18,1.59,53.7,92.59,2.03,102,18.32,0.027,1.09,44.8,92.59,0.28,62,175.7,0.429,2.4,68.3,35.57,2.63,40
fixed,1.5,False,8.0,20.0,0.0,60,target,283.61,0.263,1.77,50.0,91.66,2.24,102,65.95,0.098,1.32,44.8,91.66,0.83,62,217.66,0.531,2.35,58.5,46.78,2.24,40
fixed,1.5,False,8.0,0.0,2.0,60,trail,287.47,0.266,2.14,63.0,59.03,2.46,102,24.93,0.037,1.17,58.2,59.03,0.49,62,262.54,0.64,3.45,70.7,22.53,2.6,40
fixed,1.5,False,8.0,0.0,3.0,60,trail,269.01,0.249,1.96,63.0,62.63,2.25,102,-1.16,-0.002,0.99,56.7,62.63,-0.02,62,270.17,0.659,3.53,73.2,23.77,2.65,40
fixed,1.5,False,8.0,0.0,5.0,60,trail,355.79,0.329,2.16,55.6,72.03,2.66,102,43.95,0.066,1.23,47.8,72.03,0.6,62,311.84,0.761,3.65,68.3,39.18,2.92,40
fixed,1.5,False,8.0,0.0,0.0,15,timeout,474.77,0.44,2.58,52.8,65.06,2.96,102,42.65,0.064,1.24,46.3,65.06,0.64,62,432.12,1.054,4.61,63.4,28.07,3.13,40
fixed,1.5,False,8.0,0.0,0.0,30,timeout,438.59,0.406,2.4,52.8,59.31,2.92,102,86.22,0.129,1.51,50.7,59.31,1.19,62,352.36,0.859,3.46,56.1,29.88,2.76,40
fixed,1.5,False,8.0,0.0,0.0,60,timeout,264.3,0.245,1.68,48.1,91.66,1.76,102,59.1,0.088,1.29,44.8,91.66,0.75,62,205.2,0.5,2.11,53.7,62.57,1.62,40
fixed,2.5,True,2.0,5.0,0.0,60,target,538.95,0.499,1.63,50.9,227.89,2.58,123,-28.91,-0.043,0.95,37.3,227.89,-0.19,76,567.86,1.385,3.57,73.2,66.34,4.56,47
fixed,2.5,True,2.0,10.0,0.0,60,target,879.75,0.815,1.84,38.9,196.28,2.79,123,69.99,0.104,1.1,26.9,196.28,0.32,76,809.76,1.975,3.43,58.5,150.31,3.83,47
fixed,2.5,True,2.0,20.0,0.0,60,target,1164.85,1.079,2.01,31.5,196.28,2.59,123,221.29,0.33,1.3,25.4,196.28,0.79,76,943.56,2.301,3.22,41.5,150.31,2.77,47
fixed,2.5,True,2.0,0.0,2.0,60,trail,951.86,0.881,2.07,46.3,263.61,2.26,123,-177.58,-0.265,0.71,35.8,263.61,-1.15,76,1129.44,2.755,5.1,63.4,93.7,3.11,47
fixed,2.5,True,2.0,0.0,3.0,60,trail,979.94,0.907,2.08,45.4,234.14,2.31,123,-128.38,-0.192,0.8,35.8,234.14,-0.8,76,1108.32,2.703,4.98,61.0,108.7,3.02,47
fixed,2.5,True,2.0,0.0,5.0,60,trail,1271.37,1.177,2.24,37.0,182.83,2.66,123,142.5,0.213,1.21,28.4,182.83,0.56,76,1128.87,2.753,4.32,51.2,150.31,2.92,47
fixed,2.5,True,2.0,0.0,0.0,15,timeout,1869.41,1.731,2.94,43.5,150.31,3.13,123,136.89,0.204,1.22,34.3,133.32,0.61,76,1732.52,4.226,6.28,58.5,150.31,3.34,47
fixed,2.5,True,2.0,0.0,0.0,30,timeout,1772.89,1.642,2.69,36.1,160.13,2.95,123,192.7,0.288,1.28,26.9,160.13,0.77,76,1580.19,3.854,5.31,51.2,150.31,3.04,47
fixed,2.5,True,2.0,0.0,0.0,60,timeout,1387.86,1.285,2.17,29.6,233.32,2.27,123,178.88,0.267,1.25,25.4,196.28,0.66,76,1208.98,2.949,3.66,36.6,233.32,2.26,47
fixed,2.5,True,3.0,5.0,0.0,60,target,236.75,0.219,1.33,53.7,185.21,1.5,123,-102.3,-0.153,0.81,43.3,185.21,-0.87,76,339.05,0.827,2.81,70.7,52.25,3.66,47
fixed,2.5,True,3.0,10.0,0.0,60,target,416.01,0.385,1.46,42.6,171.19,1.83,123,-59.79,-0.089,0.9,32.8,171.19,-0.38,76,475.8,1.16,2.66,58.5,131.75,3.11,47
fixed,2.5,True,3.0,20.0,0.0,60,target,590.43,0.547,1.6,35.2,170.58,1.87,123,48.89,0.073,1.08,31.3,168.29,0.25,76,541.54,1.321,2.46,41.5,170.58,2.26,47
fixed,2.5,True,3.0,0.0,2.0,60,trail,490.18,0.454,1.64,49.1,263.73,1.67,123,-207.45,-0.31,0.6,40.3,252.8,-1.73,76,697.63,1.702,3.92,63.4,84.26,2.79,47
fixed,2.5,True,3.0,0.0,3.0,60,trail,501.33,0.464,1.65,48.1,255.85,1.69,123,-182.22,-0.272,0.66,41.8,239.47,-1.48,76,683.55,1.667,3.84,58.5,94.26,2.7,47
fixed,2.5,True,3.0,0.0,5.0,60,trail,686.89,0.636,1.79,40.7,165.37,2.07,123,-1.65,-0.002,1.0,34.3,165.37,-0.01,76,688.55,1.679,3.37,51.2,131.75,2.58,47
fixed,2.5,True,3.0,0.0,0.0,15,timeout,1065.33,0.986,2.28,46.3,144.19,2.6,123,-20.93,-0.031,0.96,38.8,144.19,-0.13,76,1086.26,2.649,4.78,58.5,131.75,3.06,47
fixed,2.5,True,3.0,0.0,0.0,30,timeout,976.17,0.904,2.08,37.0,179.84,2.36,123,2.21,0.003,1.0,28.4,179.84,0.01,76,973.96,2.376,4.0,51.2,131.75,2.73,47
fixed,2.5,True,3.0,0.0,0.0,60,timeout,731.76,0.678,1.73,33.3,231.96,1.74,123,20.61,0.031,1.03,31.3,168.29,0.11,76,711.14,1.734,2.79,36.6,231.96,1.94,47
fixed,2.5,True,5.0,5.0,0.0,60,target,62.66,0.058,1.11,48.1,216.17,0.56,123,-179.06,-0.267,0.6,35.8,216.17,-1.99,76,241.73,0.59,3.13,68.3,25.66,4.67,47
fixed,2.5,True,5.0,10.0,0.0,60,target,182.84,0.169,1.26,48.1,171.88,1.16,123,-123.25,-0.184,0.75,35.8,171.88,-1.09,76,306.1,0.747,2.5,68.3,90.17,3.06,47
fixed,2.5,True,5.0,20.0,0.0,60,target,232.58,0.215,1.3,40.7,168.37,1.12,123,-59.5,-0.089,0.88,34.3,168.37,-0.44,76,292.08,0.712,2.03,51.2,142.67,1.9,47
fixed,2.5,True,5.0,0.0,2.0,60,trail,211.42,0.196,1.36,50.9,258.49,1.11,123,-231.29,-0.345,0.47,41.8,258.49,-2.51,76,442.7,1.08,3.76,65.9,56.06,2.92,47
fixed,2.5,True,5.0,0.0,3.0,60,trail,205.75,0.191,1.34,50.0,258.69,1.07,123,-224.34,-0.335,0.5,41.8,258.69,-2.41,76,430.09,1.049,3.66,63.4,64.06,2.8,47
fixed,2.5,True,5.0,0.0,5.0,60,trail,311.08,0.288,1.46,41.7,197.35,1.46,123,-120.56,-0.18,0.75,31.3,197.35,-0.97,76,431.64,1.053,3.2,58.5,85.16,2.64,47
fixed,2.5,True,5.0,0.0,0.0,15,timeout,538.22,0.498,1.83,49.1,159.46,2.08,123,-114.26,-0.171,0.74,38.8,159.46,-1.02,76,652.48,1.591,4.07,65.9,95.8,3.0,47
fixed,2.5,True,5.0,0.0,0.0,30,timeout,464.37,0.43,1.65,42.6,194.05,1.76,123,-118.44,-0.177,0.75,32.8,194.05,-0.96,76,582.81,1.421,3.41,58.5,113.78,2.65,47
fixed,2.5,True,5.0,0.0,0.0,60,timeout,309.18,0.286,1.39,38.9,179.5,1.16,123,-76.47,-0.114,0.84,34.3,168.37,-0.58,76,385.65,0.941,2.25,46.3,179.5,1.69,47
fixed,2.5,True,8.0,5.0,0.0,60,target,10.56,0.01,1.03,50.0,125.46,0.14,123,-109.33,-0.163,0.64,38.8,125.46,-1.8,76,119.9,0.292,2.18,68.3,25.64,2.9,47
fixed,2.5,True,8.0,10.0,0.0,60,target,76.0,0.07,1.15,50.0,143.08,0.66,123,-100.55,-0.15,0.71,40.3,143.08,-1.28,76,176.55,0.431,2.05,65.9,72.43,2.24,47
fixed,2.5,True,8.0,20.0,0.0,60,target,90.77,0.084,1.16,42.6,133.0,0.64,123,-68.22,-0.102,0.81,35.8,133.0,-0.74,76,158.99,0.388,1.73,53.7,101.38,1.51,47
fixed,2.5,True,8.0,0.0,2.0,60,trail,112.31,0.104,1.27,52.8,162.84,0.92,123,-145.84,-0.218,0.5,44.8,162.84,-2.34,76,258.15,0.63,3.07,65.9,43.84,2.65,47
fixed,2.5,True,8.0,0.0,3.0,60,trail,110.54,0.102,1.26,50.0,164.65,0.9,123,-137.24,-0.205,0.55,43.3,164.65,-2.19,76,247.79,0.604,2.97,61.0,50.07,2.5,47
fixed,2.5,True,8.0,0.0,5.0,60,trail,171.77,0.159,1.36,43.5,143.86,1.23,123,-91.01,-0.136,0.73,34.3,143.86,-1.1,76,262.78,0.641,2.78,58.5,57.32,2.46,47
fixed,2.5,True,8.0,0.0,0.0,15,timeout,325.39,0.301,1.75,48.1,84.1,1.98,123,-55.81,-0.083,0.79,37.3,84.1,-0.83,76,381.2,0.93,3.37,65.9,72.68,2.69,47
fixed,2.5,True,8.0,0.0,0.0,30,timeout,295.37,0.273,1.61,43.5,96.67,1.76,123,-47.26,-0.071,0.84,32.8,96.67,-0.61,76,342.63,0.836,2.83,61.0,73.11,2.39,47
fixed,2.5,True,8.0,0.0,0.0,60,timeout,131.14,0.121,1.22,40.7,145.61,0.74,123,-78.83,-0.118,0.78,35.8,133.0,-0.87,76,209.97,0.512,1.88,48.8,124.39,1.4,47
fixed,2.5,False,2.0,5.0,0.0,60,target,571.61,0.529,1.91,45.4,205.39,3.06,98,28.61,0.043,1.06,31.3,205.39,0.21,60,543.0,1.324,4.69,68.3,53.47,4.88,38
fixed,2.5,False,2.0,10.0,0.0,60,target,860.69,0.797,2.07,33.3,194.65,2.93,98,52.51,0.078,1.09,20.9,194.65,0.27,60,808.18,1.971,4.42,53.7,89.43,4.02,38
fixed,2.5,False,2.0,20.0,0.0,60,target,1262.48,1.169,2.44,27.8,186.57,2.94,98,268.09,0.4,1.47,20.9,186.57,1.02,60,994.4,2.425,4.18,39.0,89.85,3.04,38
fixed,2.5,False,2.0,0.0,2.0,60,trail,1110.57,1.028,2.7,44.4,187.67,2.73,98,-63.23,-0.094,0.86,32.8,187.67,-0.47,60,1173.8,2.863,7.25,63.4,45.6,3.3,38
fixed,2.5,False,2.0,0.0,3.0,60,trail,1072.76,0.993,2.6,41.7,221.88,2.61,98,-66.7,-0.1,0.86,31.3,221.88,-0.47,60,1139.46,2.779,6.98,58.5,50.6,3.16,38
fixed,2.5,False,2.0,0.0,5.0,60,trail,1360.98,1.26,2.76,32.4,164.61,2.94,98,168.41,0.251,1.32,22.4,164.61,0.71,60,1192.57,2.909,5.96,48.8,89.43,3.17,38
fixed,2.5,False,2.0,0.0,0.0,15,timeout,1975.92,1.83,3.78,39.8,117.97,3.39,98,202.04,0.302,1.42,29.9,117.97,0.97,60,1773.88,4.327,8.77,56.1,89.43,3.48,38
fixed,2.5,False,2.0,0.0,0.0,30,timeout,1845.33,1.709,3.31,32.4,156.52,3.14,98,212.59,0.317,1.4,22.4,156.52,0.91,60,1632.74,3.982,7.1,48.8,89.43,3.2,38
fixed,2.5,False,2.0,0.0,0.0,60,timeout,1485.49,1.375,2.64,25.9,186.57,2.49,98,225.68,0.337,1.4,20.9,186.57,0.88,60,1259.82,3.073,4.68,34.1,135.6,2.39,38
fixed,2.5,False,3.0,5.0,0.0,60,target,307.66,0.285,1.6,49.1,152.4,2.24,98,-29.36,-0.044,0.93,37.3,152.4,-0.29,60,337.02,0.822,3.74,68.3,40.93,4.15,38
fixed,2.5,False,3.0,10.0,0.0,60,target,459.45,0.425,1.68,37.0,160.89,2.21,98,-36.84,-0.055,0.92,26.9,160.89,-0.26,60,496.3,1.21,3.48,53.7,79.36,3.5,38
fixed,2.5,False,3.0,20.0,0.0,60,target,707.18,0.655,1.95,31.5,121.71,2.39,98,106.87,0.16,1.22,26.9,121.71,0.58,60,600.31,1.464,3.22,39.0,83.89,2.66,38
fixed,2.5,False,3.0,0.0,2.0,60,trail,648.46,0.6,2.18,48.1,144.11,2.33,98,-96.61,-0.144,0.75,38.8,144.11,-0.95,60,745.07,1.817,5.58,63.4,40.4,3.08,38
fixed,2.5,False,3.0,0.0,3.0,60,trail,615.68,0.57,2.09,45.4,172.61,2.18,98,-106.5,-0.159,0.73,37.3,170.42,-1.01,60,722.18,1.761,5.39,58.5,43.73,2.95,38
fixed,2.5,False,3.0,0.0,5.0,60,trail,802.78,0.743,2.24,36.1,120.92,2.54,98,50.22,0.075,1.11,28.4,120.92,0.3,60,752.56,1.836,4.71,48.8,79.36,2.93,38
fixed,2.5,False,3.0,0.0,0.0,15,timeout,1192.49,1.104,2.97,42.6,100.72,3.01,98,57.11,0.085,1.14,34.3,100.72,0.39,60,1135.38,2.769,6.69,56.1,79.36,3.29,38
fixed,2.5,False,3.0,0.0,0.0,30,timeout,1080.61,1.001,2.58,33.3,155.06,2.7,98,50.07,0.075,1.11,23.9,155.06,0.31,60,1030.54,2.514,5.36,48.8,79.36,2.97,38
fixed,2.5,False,3.0,0.0,0.0,60,timeout,848.51,0.786,2.1,29.6,145.26,2.09,98,78.6,0.117,1.17,26.9,121.71,0.44,60,769.91,1.878,3.58,34.1,145.26,2.16,38
fixed,2.5,False,5.0,5.0,0.0,60,target,112.32,0.104,1.28,50.9,148.76,1.16,98,-105.05,-0.157,0.68,37.3,148.76,-1.43,60,217.37,0.53,3.77,73.2,25.78,4.1,38
fixed,2.5,False,5.0,10.0,0.0,60,target,241.4,0.224,1.48,42.6,129.45,1.72,98,-79.24,-0.118,0.78,31.3,129.45,-0.82,60,320.64,0.782,3.34,61.0,40.59,3.49,38
fixed,2.5,False,5.0,20.0,0.0,60,target,339.12,0.314,1.59,37.0,112.46,1.79,98,5.53,0.008,1.02,31.3,112.46,0.05,60,333.59,0.814,2.62,46.3,88.41,2.35,38
fixed,2.5,False,5.0,0.0,2.0,60,trail,320.04,0.296,1.75,51.9,161.75,1.81,98,-134.54,-0.201,0.57,41.8,161.75,-1.85,60,454.58,1.109,4.98,68.3,36.24,3.07,38
fixed,2.5,False,5.0,0.0,3.0,60,trail,292.02,0.27,1.66,49.1,183.02,1.63,98,-148.67,-0.222,0.54,40.3,183.02,-1.99,60,440.69,1.075,4.82,63.4,38.24,2.94,38
fixed,2.5,False,5.0,0.0,5.0,60,trail,398.77,0.369,1.8,39.8,137.66,2.0,98,-59.19,-0.088,0.83,29.9,137.66,-0.54,60,457.96,1.117,4.29,56.1,52.69,2.92,38
fixed,2.5,False,5.0,0.0,0.0,15,timeout,646.81,0.599,2.37,47.2,118.94,2.63,98,-43.62,-0.065,0.87,37.3,118.94,-0.45,60,690.42,1.684,5.79,63.4,50.15,3.3,38
fixed,2.5,False,5.0,0.0,0.0,30,timeout,573.72,0.531,2.08,38.9,146.17,2.3,98,-50.6,-0.076,0.86,28.4,146.17,-0.47,60,624.32,1.523,4.6,56.1,68.12,2.95,38
fixed,2.5,False,5.0,0.0,0.0,60,timeout,415.72,0.385,1.7,35.2,125.23,1.64,98,-11.43,-0.017,0.97,31.3,112.46,-0.1,60,427.16,1.042,2.86,41.5,125.23,1.94,38
fixed,2.5,False,8.0,5.0,0.0,60,target,48.18,0.045,1.17,54.6,87.54,0.68,98,-67.25,-0.1,0.7,43.3,87.54,-1.22,60,115.43,0.282,2.66,73.2,22.81,2.86,38
fixed,2.5,False,8.0,10.0,0.0,60,target,125.0,0.116,1.34,46.3,106.13,1.28,98,-59.56,-0.089,0.77,35.8,106.13,-0.87,60,184.57,0.45,2.62,63.4,33.12,2.83,38
fixed,2.5,False,8.0,20.0,0.0,60,target,179.74,0.166,1.44,41.7,97.9,1.43,98,-14.1,-0.021,0.94,35.8,97.9,-0.17,60,193.84,0.473,2.27,51.2,62.41,2.06,38
fixed,2.5,False,8.0,0.0,2.0,60,trail,181.22,0.168,1.61,57.4,102.09,1.56,98,-83.16,-0.124,0.59,49.3,102.09,-1.58,60,264.38,0.645,3.86,70.7,22.11,2.74,38
fixed,2.5,False,8.0,0.0,3.0,60,trail,169.35,0.157,1.55,53.7,120.48,1.43,98,-85.11,-0.127,0.61,46.3,120.48,-1.51,60,254.46,0.621,3.73,65.9,23.36,2.6,38
fixed,2.5,False,8.0,0.0,5.0,60,trail,232.1,0.215,1.65,44.4,102.73,1.76,98,-38.28,-0.057,0.84,35.8,102.73,-0.51,60,270.38,0.659,3.35,58.5,33.07,2.62,38
fixed,2.5,False,8.0,0.0,0.0,15,timeout,391.76,0.363,2.23,50.0,80.72,2.49,98,-22.84,-0.034,0.89,41.8,80.72,-0.35,60,414.6,1.011,4.87,63.4,29.8,3.09,38
fixed,2.5,False,8.0,0.0,0.0,30,timeout,373.97,0.346,2.07,45.4,75.28,2.34,98,-2.46,-0.004,0.99,37.3,75.28,-0.03,60,376.43,0.918,3.83,58.5,30.23,2.77,38
fixed,2.5,False,8.0,0.0,0.0,60,timeout,220.11,0.204,1.51,39.8,97.9,1.34,98,-24.7,-0.037,0.9,35.8,97.9,-0.31,60,244.81,0.597,2.4,46.3,85.43,1.73,38
vol,0.05,True,0.25,0.5,0.0,60,target,291.26,0.27,1.19,63.0,125.75,1.69,196,31.96,0.048,1.03,59.7,100.92,0.22,124,259.3,0.632,1.52,68.3,27.45,2.81,72
vol,0.05,True,0.25,1.0,0.0,60,target,1090.06,1.009,1.62,65.7,125.51,3.95,196,535.14,0.799,1.46,62.7,125.51,2.37,124,554.92,1.353,1.92,70.7,56.45,3.51,72
vol,0.05,True,0.25,2.0,0.0,60,target,1349.5,1.25,1.64,45.4,160.83,3.02,196,433.85,0.648,1.31,38.8,136.79,1.27,124,915.65,2.233,2.29,56.1,160.83,3.28,72
vol,0.05,True,0.25,0.0,0.25,60,trail,1378.86,1.277,1.8,55.6,162.11,3.64,196,572.17,0.854,1.51,52.2,162.11,2.06,124,806.69,1.968,2.32,61.0,55.38,3.18,72
vol,0.05,True,0.25,0.0,0.5,60,trail,1129.92,1.046,1.61,54.6,136.62,2.89,196,312.59,0.467,1.26,49.3,136.62,1.13,124,817.33,1.993,2.29,63.4,84.44,3.06,72
vol,0.05,True,0.25,0.0,1.0,60,trail,1400.58,1.297,1.7,42.6,181.16,2.58,196,448.98,0.67,1.33,35.8,181.16,1.08,124,951.6,2.321,2.43,53.7,143.23,2.79,72
vol,0.05,True,0.25,0.0,0.0,15,timeout,1827.41,1.692,1.91,50.9,131.77,3.33,196,615.58,0.919,1.46,44.8,131.77,1.51,124,1211.83,2.956,2.83,61.0,127.84,3.4,72
vol,0.05,True,0.25,0.0,0.0,30,timeout,1855.8,1.718,1.88,47.2,144.05,3.06,196,713.29,1.065,1.51,40.3,131.52,1.51,124,1142.51,2.787,2.64,58.5,144.05,3.04,72
vol,0.05,True,0.25,0.0,0.0,60,timeout,1371.19,1.27,1.61,36.1,293.25,2.12,196,700.2,1.045,1.48,32.8,161.43,1.38,124,671.0,1.637,1.86,41.5,293.25,1.66,72
vol,0.05,True,0.5,0.5,0.0,60,target,-194.37,-0.18,0.83,24.1,245.65,-1.87,196,-216.0,-0.322,0.73,20.9,202.72,-2.45,124,21.63,0.053,1.06,29.3,39.24,0.42,72
vol,0.05,True,0.5,1.0,0.0,60,target,149.23,0.138,1.11,66.7,105.04,0.94,196,-19.6,-0.029,0.98,62.7,105.04,-0.15,124,168.82,0.412,1.38,73.2,46.81,1.98,72
vol,0.05,True,0.5,2.0,0.0,60,target,225.74,0.209,1.14,47.2,214.55,0.92,196,-143.9,-0.215,0.87,40.3,214.55,-0.76,124,369.65,0.902,1.73,58.5,127.38,2.57,72
vol,0.05,True,0.5,0.0,0.25,60,trail,288.11,0.267,1.22,50.0,107.44,1.43,196,18.71,0.028,1.02,46.3,107.44,0.13,124,269.4,0.657,1.6,56.1,63.34,2.03,72
vol,0.05,True,0.5,0.0,0.5,60,trail,157.27,0.146,1.11,41.7,192.55,0.75,196,-136.2,-0.203,0.85,34.3,192.55,-0.89,124,293.47,0.716,1.63,53.7,57.89,2.11,72
vol,0.05,True,0.5,0.0,1.0,60,trail,217.61,0.201,1.14,42.6,303.1,0.76,196,-123.29,-0.184,0.88,35.8,303.1,-0.55,124,340.9,0.831,1.7,53.7,123.6,1.93,72
vol,0.05,True,0.5,0.0,0.0,15,timeout,469.88,0.435,1.31,48.1,225.62,1.62,196,-39.06,-0.058,0.96,40.3,225.62,-0.18,124,508.94,1.241,2.08,61.0,101.74,2.82,72
vol,0.05,True,0.5,0.0,0.0,30,timeout,502.71,0.465,1.32,41.7,212.19,1.58,196,13.73,0.02,1.01,31.3,212.19,0.05,124,488.98,1.193,2.0,58.5,97.1,2.58,72
vol,0.05,True,0.5,0.0,0.0,60,timeout,247.49,0.229,1.15,38.9,236.62,0.72,196,-25.42,-0.038,0.98,34.3,236.62,-0.09,124,272.91,0.666,1.49,46.3,222.27,1.29,72
vol,0.05,True,1.0,0.5,0.0,60,target,-259.47,-0.24,0.67,32.4,282.81,-3.84,196,-199.04,-0.297,0.62,29.9,196.94,-3.72,124,-60.43,-0.147,0.77,36.6,79.02,-1.48,72
vol,0.05,True,1.0,1.0,0.0,60,target,-69.99,-0.065,0.92,21.3,133.02,-0.91,196,-72.84,-0.109,0.88,19.4,111.5,-1.18,124,2.85,0.007,1.01,24.4,50.43,0.06,72
vol,0.05,True,1.0,2.0,0.0,60,target,-123.51,-0.114,0.89,44.4,247.77,-0.95,196,-206.87,-0.309,0.72,37.3,232.14,-1.99,124,83.36,0.203,1.23,56.1,92.59,1.11,72
vol,0.05,True,1.0,0.0,0.25,60,trail,-58.33,-0.054,0.94,40.7,155.18,-0.55,196,-104.08,-0.155,0.82,37.3,131.37,-1.33,124,45.75,0.112,1.14,46.3,58.39,0.65,72
vol,0.05,True,1.0,0.0,0.5,60,trail,-153.86,-0.142,0.84,32.4,285.59,-1.41,196,-200.09,-0.299,0.68,28.4,212.01,-2.53,124,46.24,0.113,1.14,39.0,70.38,0.63,72
vol,0.05,True,1.0,0.0,1.0,60,trail,-94.64,-0.088,0.91,35.2,294.91,-0.64,196,-169.73,-0.253,0.76,31.3,256.57,-1.46,124,75.1,0.183,1.21,41.5,108.68,0.83,72
vol,0.05,True,1.0,0.0,0.0,15,timeout,63.74,0.059,1.06,38.0,206.71,0.44,196,-124.85,-0.186,0.81,29.9,206.71,-1.1,124,188.59,0.46,1.6,51.2,59.03,2.2,72
vol,0.05,True,1.0,0.0,0.0,30,timeout,88.61,0.082,1.08,37.0,202.47,0.56,196,-85.02,-0.127,0.88,28.4,202.47,-0.66,124,173.63,0.423,1.52,51.2,59.89,1.92,72
vol,0.05,True,1.0,0.0,0.0,60,timeout,-82.4,-0.076,0.93,35.2,294.96,-0.46,196,-118.8,-0.177,0.84,32.8,223.27,-0.85,124,36.41,0.089,1.09,39.0,183.9,0.33,72
vol,0.05,True,1.5,0.5,0.0,60,target,-256.27,-0.237,0.59,38.9,267.01,-4.28,196,-183.92,-0.275,0.55,37.3,179.04,-3.97,124,-72.35,-0.176,0.67,41.5,80.08,-1.9,72
vol,0.05,True,1.5,1.0,0.0,60,target,-139.02,-0.129,0.81,26.9,171.9,-2.53,196,-102.3,-0.153,0.78,25.4,104.08,-2.27,124,-36.73,-0.09,0.86,29.3,63.26,-1.16,72
vol,0.05,True,1.5,2.0,0.0,60,target,-210.68,-0.195,0.76,44.4,284.38,-2.24,196,-217.27,-0.324,0.63,37.3,227.3,-2.8,124,6.59,0.016,1.02,56.1,67.22,0.13,72
vol,0.05,True,1.5,0.0,0.25,60,trail,-135.03,-0.125,0.81,42.6,190.46,-1.76,196,-121.29,-0.181,0.73,43.3,127.11,-2.18,124,-13.74,-0.034,0.95,41.5,57.5,-0.26,72
vol,0.05,True,1.5,0.0,0.5,60,trail,-203.11,-0.188,0.73,29.6,281.79,-2.61,196,-190.0,-0.284,0.61,28.4,191.13,-3.43,124,-13.11,-0.032,0.95,31.7,81.38,-0.24,72
vol,0.05,True,1.5,0.0,1.0,60,trail,-165.84,-0.154,0.8,33.3,290.22,-1.65,196,-165.39,-0.247,0.69,29.9,194.45,-2.09,124,-0.45,-0.001,1.0,39.0,107.31,-0.01,72
vol,0.05,True,1.5,0.0,0.0,15,timeout,-72.84,-0.067,0.91,31.5,195.42,-0.75,196,-143.28,-0.214,0.72,23.9,182.9,-1.89,124,70.44,0.172,1.27,43.9,59.78,1.19,72
vol,0.05,True,1.5,0.0,0.0,30,timeout,-56.99,-0.053,0.93,35.2,188.14,-0.53,196,-121.51,-0.181,0.78,26.9,178.0,-1.38,124,64.52,0.157,1.23,48.8,71.09,1.06,72
vol,0.05,True,1.5,0.0,0.0,60,timeout,-192.12,-0.178,0.79,33.3,324.69,-1.53,196,-161.22,-0.241,0.73,31.3,207.42,-1.61,124,-30.9,-0.075,0.9,36.6,162.12,-0.4,72
vol,0.05,False,0.25,0.5,0.0,60,target,-592.65,-0.549,0.52,30.6,664.64,-3.38,108,-443.87,-0.662,0.44,26.9,450.51,-3.32,67,-148.78,-0.363,0.66,36.6,197.27,-1.31,41
vol,0.05,False,0.25,1.0,0.0,60,target,-446.99,-0.414,0.67,23.1,649.21,-1.88,108,-330.16,-0.493,0.61,20.9,356.8,-1.8,67,-116.83,-0.285,0.77,26.8,275.56,-0.76,41
vol,0.05,False,0.25,2.0,0.0,60,target,-439.36,-0.407,0.71,15.7,785.9,-1.36,108,-441.68,-0.659,0.54,11.9,508.32,-1.91,67,2.32,0.006,1.0,22.0,260.72,0.01,41
vol,0.05,False,0.25,0.0,0.25,60,trail,-338.12,-0.313,0.76,22.2,738.17,-1.04,108,-397.55,-0.593,0.55,19.4,514.0,-1.84,67,59.43,0.145,1.12,26.8,262.09,0.24,41
vol,0.05,False,0.25,0.0,0.5,60,trail,-417.66,-0.387,0.71,17.6,850.68,-1.29,108,-508.09,-0.758,0.44,13.4,559.77,-2.56,67,90.43,0.221,1.17,24.4,274.05,0.36,41
vol,0.05,False,0.25,0.0,1.0,60,trail,-359.2,-0.333,0.76,16.7,946.59,-0.87,108,-447.71,-0.668,0.53,11.9,630.26,-1.47,67,88.51,0.216,1.17,24.4,299.48,0.32,41
vol,0.05,False,0.25,0.0,0.0,15,timeout,-190.12,-0.176,0.87,19.4,869.74,-0.46,108,-351.65,-0.525,0.62,14.9,573.49,-1.17,67,161.54,0.394,1.32,26.8,337.95,0.57,41
vol,0.05,False,0.25,0.0,0.0,30,timeout,-186.76,-0.173,0.87,15.7,801.57,-0.43,108,-245.2,-0.366,0.74,10.4,546.73,-0.69,67,58.44,0.143,1.11,24.4,329.92,0.23,41
vol,0.05,False,0.25,0.0,0.0,60,timeout,-285.26,-0.264,0.81,14.8,899.94,-0.66,108,-228.59,-0.341,0.76,11.9,493.28,-0.64,67,-56.67,-0.138,0.9,19.5,406.51,-0.22,41
vol,0.05,False,0.5,0.5,0.0,60,target,-566.63,-0.525,0.39,34.3,586.52,-4.93,108,-392.6,-0.586,0.34,31.3,390.8,-4.41,67,-174.03,-0.424,0.47,39.0,182.29,-2.38,41
vol,0.05,False,0.5,1.0,0.0,60,target,-551.79,-0.511,0.47,25.0,632.7,-3.85,108,-377.26,-0.563,0.43,22.4,385.47,-3.4,67,-174.53,-0.426,0.54,29.3,233.8,-1.91,41
vol,0.05,False,0.5,2.0,0.0,60,target,-574.3,-0.532,0.49,18.5,742.21,-3.17,108,-469.19,-0.7,0.37,13.4,497.39,-3.61,67,-105.12,-0.256,0.73,26.8,231.38,-0.84,41
vol,0.05,False,0.5,0.0,0.25,60,trail,-494.56,-0.458,0.53,26.9,669.48,-2.72,108,-405.47,-0.605,0.38,23.9,431.19,-3.29,67,-89.1,-0.217,0.77,31.7,224.86,-0.67,41
vol,0.05,False,0.5,0.0,0.5,60,trail,-543.49,-0.503,0.5,21.3,739.8,-3.0,108,-467.59,-0.698,0.32,17.9,488.32,-4.07,67,-75.89,-0.185,0.81,26.8,238.05,-0.55,41
vol,0.05,False,0.5,0.0,1.0,60,trail,-549.06,-0.508,0.52,18.5,822.55,-2.47,108,-472.2,-0.705,0.36,13.4,558.36,-2.9,67,-76.85,-0.187,0.81,26.8,250.76,-0.51,41
vol,0.05,False,0.5,0.0,0.0,15,timeout,-455.16,-0.421,0.58,22.2,769.86,-2.05,108,-404.85,-0.604,0.42,17.9,481.38,-2.5,67,-50.31,-0.123,0.87,29.3,275.05,-0.33,41
vol,0.05,False,0.5,0.0,0.0,30,timeout,-442.35,-0.41,0.6,19.4,730.55,-1.88,108,-344.66,-0.514,0.52,14.9,444.35,-1.81,67,-97.68,-0.238,0.75,26.8,272.77,-0.7,41
vol,0.05,False,0.5,0.0,0.0,60,timeout,-471.37,-0.436,0.58,18.5,773.34,-2.0,108,-362.64,-0.541,0.51,13.4,481.52,-1.91,67,-108.72,-0.265,0.72,26.8,278.38,-0.78,41
vol,0.05,False,1.0,0.5,0.0,60,target,-472.67,-0.438,0.3,38.9,481.31,-5.71,108,-311.91,-0.466,0.28,37.3,305.04,-4.77,67,-160.76,-0.392,0.33,41.5,164.56,-3.13,41
vol,0.05,False,1.0,1.0,0.0,60,target,-466.13,-0.432,0.38,29.6,509.21,-4.75,108,-291.38,-0.435,0.38,28.4,289.52,-3.76,67,-174.74,-0.426,0.39,31.7,207.98,-2.88,41
vol,0.05,False,1.0,2.0,0.0,60,target,-537.05,-0.497,0.36,23.1,620.27,-4.86,108,-388.65,-0.58,0.27,19.4,396.78,-4.8,67,-148.4,-0.362,0.5,29.3,211.77,-1.97,41
vol,0.05,False,1.0,0.0,0.25,60,trail,-451.05,-0.418,0.4,34.3,534.06,-4.03,108,-326.67,-0.488,0.31,32.8,333.56,-4.08,67,-124.38,-0.303,0.55,36.6,188.78,-1.59,41
vol,0.05,False,1.0,0.0,0.5,60,trail,-496.09,-0.459,0.37,26.9,588.47,-4.49,108,-369.19,-0.551,0.25,23.9,373.58,-4.91,67,-126.9,-0.31,0.56,31.7,203.17,-1.57,41
vol,0.05,False,1.0,0.0,1.0,60,trail,-524.42,-0.486,0.37,23.1,660.44,-4.09,108,-390.16,-0.582,0.27,19.4,427.27,-4.12,67,-134.26,-0.327,0.55,29.3,221.46,-1.56,41
vol,0.05,False,1.0,0.0,0.0,15,timeout,-429.87,-0.398,0.44,27.8,592.36,-3.36,108,-329.42,-0.492,0.34,23.9,367.83,-3.48,67,-100.45,-0.245,0.63,34.1,212.82,-1.16,41
vol,0.05,False,1.0,0.0,0.0,30,timeout,-418.11,-0.387,0.47,25.9,567.77,-3.09,108,-287.8,-0.43,0.44,23.9,339.06,-2.63,67,-130.31,-0.318,0.54,29.3,217.0,-1.62,41
vol,0.05,False,1.0,0.0,0.0,60,timeout,-485.58,-0.45,0.42,23.1,635.84,-3.61,108,-335.38,-0.501,0.37,19.4,388.85,-3.12,67,-150.2,-0.366,0.5,29.3,235.27,-1.84,41
vol,0.05,False,1.5,0.5,0.0,60,target,-409.03,-0.379,0.26,41.7,408.34,-5.82,108,-259.49,-0.387,0.25,40.3,251.43,-4.71,67,-149.54,-0.365,0.28,43.9,145.77,-3.39,41
vol,0.05,False,1.5,1.0,0.0,60,target,-411.12,-0.381,0.33,31.5,430.43,-5.14,108,-241.71,-0.361,0.35,31.3,236.98,-3.81,67,-169.41,-0.413,0.3,31.7,182.31,-3.43,41
vol,0.05,False,1.5,2.0,0.0,60,target,-470.82,-0.436,0.31,25.9,516.52,-5.35,108,-315.65,-0.471,0.26,23.9,317.59,-4.77,67,-155.17,-0.378,0.39,29.3,187.79,-2.65,41
vol,0.05,False,1.5,0.0,0.25,60,trail,-404.54,-0.375,0.34,37.0,450.1,-4.64,108,-266.83,-0.398,0.28,35.8,267.94,-4.22,67,-137.72,-0.336,0.43,39.0,171.02,-2.28,41
vol,0.05,False,1.5,0.0,0.5,60,trail,-430.87,-0.399,0.32,29.6,482.68,-4.99,108,-293.33,-0.438,0.24,28.4,292.78,-4.81,67,-137.54,-0.335,0.44,31.7,178.75,-2.23,41
vol,0.05,False,1.5,0.0,1.0,60,trail,-445.08,-0.412,0.33,26.9,525.98,-4.56,108,-299.32,-0.447,0.27,25.4,320.58,-4.08,67,-145.75,-0.355,0.43,29.3,194.25,-2.24,41
vol,0.05,False,1.5,0.0,0.0,15,timeout,-394.59,-0.365,0.37,30.6,496.62,-4.09,108,-269.98,-0.403,0.3,28.4,295.59,-3.76,67,-124.61,-0.304,0.48,34.1,189.9,-1.92,41
vol,0.05,False,1.5,0.0,0.0,30,timeout,-384.94,-0.356,0.4,27.8,478.41,-3.81,108,-243.49,-0.363,0.39,26.9,277.66,-3.01,67,-141.45,-0.345,0.42,29.3,189.61,-2.31,41
vol,0.05,False,1.5,0.0,0.0,60,timeout,-436.51,-0.404,0.36,25.9,526.9,-4.28,108,-280.13,-0.418,0.34,23.9,312.3,-3.43,67,-156.37,-0.381,0.39,29.3,203.46,-2.52,41
vol,0.1,True,0.25,0.5,0.0,60,target,530.26,0.491,1.42,66.7,90.81,2.9,177,59.0,0.088,1.06,59.7,90.81,0.42,116,471.26,1.149,2.57,78.0,23.15,4.5,61
vol,0.1,True,0.25,1.0,0.0,60,target,1186.79,1.099,1.78,63.0,125.49,3.98,177,473.52,0.707,1.44,58.2,125.49,2.04,116,713.27,1.74,2.66,70.7,71.38,3.94,61
vol,0.1,True,0.25,2.0,0.0,60,target,1351.91,1.252,1.73,44.4,140.95,2.95,177,521.53,0.778,1.4,38.8,140.95,1.49,116,830.38,2.025,2.49,53.7,123.95,2.83,61
vol,0.1,True,0.25,0.0,0.25,60,trail,1530.19,1.417,2.05,62.0,170.98,3.97,177,581.77,0.868,1.56,55.2,170.98,2.04,116,948.43,2.313,3.22,73.2,56.42,3.77,61
vol,0.1,True,0.25,0.0,0.5,60,trail,1322.34,1.224,1.85,55.6,147.68,3.33,177,364.34,0.544,1.33,49.3,147.68,1.29,116,958.0,2.337,3.14,65.9,61.41,3.57,61
vol,0.1,True,0.25,0.0,1.0,60,trail,1518.41,1.406,1.87,43.5,195.72,2.73,177,500.55,0.747,1.4,35.8,195.72,1.18,116,1017.86,2.483,3.04,56.1,108.34,2.88,61
vol,0.1,True,0.25,0.0,0.0,15,timeout,1844.56,1.708,2.05,51.9,126.63,3.26,177,641.22,0.957,1.51,44.8,126.63,1.55,116,1203.34,2.935,3.39,63.4,103.26,3.21,61
vol,0.1,True,0.25,0.0,0.0,30,timeout,1853.9,1.717,2.0,45.4,125.49,3.0,177,809.79,1.209,1.63,41.8,125.49,1.7,116,1044.11,2.547,2.88,51.2,107.46,2.66,61
vol,0.1,True,0.25,0.0,0.0,60,timeout,1454.4,1.347,1.73,35.2,289.1,2.2,177,768.03,1.146,1.57,32.8,161.79,1.5,116,686.37,1.674,2.09,39.0,289.1,1.63,61
vol,0.1,True,0.5,0.5,0.0,60,target,85.4,0.079,1.1,42.6,110.74,0.76,177,-120.33,-0.18,0.83,31.3,107.05,-1.31,116,205.73,0.502,2.03,61.0,22.47,3.65,61
vol,0.1,True,0.5,1.0,0.0,60,target,359.15,0.333,1.33,69.4,76.16,2.15,177,47.71,0.071,1.06,64.2,75.58,0.36,116,311.44,0.76,2.06,78.0,76.16,3.27,61
vol,0.1,True,0.5,2.0,0.0,60,target,476.39,0.441,1.35,53.7,130.15,1.89,177,-21.17,-0.032,0.98,44.8,130.15,-0.11,116,497.55,1.214,2.39,68.3,108.82,3.37,61
vol,0.1,True,0.5,0.0,0.25,60,trail,524.87,0.486,1.51,60.2,84.44,2.57,177,100.18,0.15,1.13,55.2,84.44,0.64,116,424.7,1.036,2.51,68.3,38.28,3.37,61
vol,0.1,True,0.5,0.0,0.5,60,trail,358.76,0.332,1.32,48.1,142.0,1.67,177,-55.3,-0.083,0.93,38.8,142.0,-0.36,116,414.06,1.01,2.36,63.4,57.25,2.96,61
vol,0.1,True,0.5,0.0,1.0,60,trail,489.06,0.453,1.38,49.1,225.86,1.65,177,-13.17,-0.02,0.99,40.3,225.86,-0.06,116,502.23,1.225,2.49,63.4,109.42,2.8,61
vol,0.1,True,0.5,0.0,0.0,15,timeout,684.45,0.634,1.55,54.6,157.1,2.29,177,59.02,0.088,1.06,44.8,157.1,0.27,116,625.44,1.525,2.86,70.7,83.8,3.32,61
vol,0.1,True,0.5,0.0,0.0,30,timeout,710.45,0.658,1.54,43.5,139.84,2.16,177,117.11,0.175,1.12,35.8,139.84,0.46,116,593.33,1.447,2.67,56.1,93.84,2.99,61
vol,0.1,True,0.5,0.0,0.0,60,timeout,495.63,0.459,1.35,44.4,177.66,1.4,177,87.84,0.131,1.09,38.8,177.66,0.32,116,407.79,0.995,2.0,53.7,155.48,1.87,61
vol,0.1,True,1.0,0.5,0.0,60,target,-83.02,-0.077,0.87,46.3,155.02,-1.18,177,-142.1,-0.212,0.7,35.8,140.99,-2.57,116,59.08,0.144,1.4,63.4,23.8,1.49,61
vol,0.1,True,1.0,1.0,0.0,60,target,90.99,0.084,1.12,37.0,82.96,1.04,177,-28.87,-0.043,0.95,26.9,82.96,-0.43,116,119.86,0.292,1.58,53.7,39.01,2.26,61
vol,0.1,True,1.0,2.0,0.0,60,target,85.35,0.079,1.09,53.7,176.98,0.61,177,-109.69,-0.164,0.84,44.8,176.98,-1.02,116,195.04,0.476,1.77,68.3,70.11,2.25,61
vol,0.1,True,1.0,0.0,0.25,60,trail,103.14,0.095,1.14,50.9,104.87,0.96,177,-48.95,-0.073,0.9,44.8,104.87,-0.6,116,152.09,0.371,1.73,61.0,24.82,2.26,61
vol,0.1,True,1.0,0.0,0.5,60,trail,7.75,0.007,1.01,41.7,177.81,0.07,177,-142.81,-0.213,0.74,32.8,172.43,-1.79,116,150.56,0.367,1.69,56.1,32.86,1.99,61
vol,0.1,True,1.0,0.0,1.0,60,trail,129.79,0.12,1.15,46.3,218.36,0.83,177,-72.07,-0.108,0.89,38.8,218.36,-0.59,116,201.86,0.492,1.87,58.5,58.57,2.16,61
vol,0.1,True,1.0,0.0,0.0,15,timeout,228.57,0.212,1.28,46.3,181.51,1.5,177,-54.97,-0.082,0.91,34.3,181.51,-0.48,116,283.53,0.692,2.36,65.9,36.16,3.08,61
vol,0.1,True,1.0,0.0,0.0,30,timeout,259.4,0.24,1.3,42.6,182.29,1.54,177,-19.66,-0.029,0.97,34.3,182.29,-0.15,116,279.05,0.681,2.25,56.1,30.91,2.87,61
vol,0.1,True,1.0,0.0,0.0,60,timeout,130.95,0.121,1.14,45.4,184.35,0.7,177,-19.92,-0.03,0.97,40.3,184.35,-0.14,116,150.87,0.368,1.54,53.7,109.74,1.3,61
vol,0.1,True,1.5,0.5,0.0,60,target,-122.15,-0.113,0.75,50.9,170.32,-2.07,177,-146.31,-0.218,0.6,41.8,141.43,-3.12,116,24.16,0.059,1.21,65.9,29.2,0.72,61
vol,0.1,True,1.5,1.0,0.0,60,target,-9.58,-0.009,0.98,39.8,89.28,-0.16,177,-74.43,-0.111,0.82,29.9,89.28,-1.56,116,64.85,0.158,1.41,56.1,21.8,1.85,61
vol,0.1,True,1.5,2.0,0.0,60,target,-71.02,-0.066,0.91,52.8,200.6,-0.68,177,-172.4,-0.257,0.69,43.3,200.6,-2.1,116,101.38,0.247,1.51,68.3,54.84,1.65,61
vol,0.1,True,1.5,0.0,0.25,60,trail,-24.2,-0.022,0.96,51.9,124.44,-0.31,177,-100.76,-0.15,0.75,47.8,106.92,-1.69,116,76.56,0.187,1.45,58.5,23.98,1.55,61
vol,0.1,True,1.5,0.0,0.5,60,trail,-78.75,-0.073,0.87,39.8,188.13,-0.97,177,-158.58,-0.237,0.64,31.3,159.54,-2.79,116,79.82,0.195,1.47,53.7,29.4,1.48,61
vol,0.1,True,1.5,0.0,1.0,60,trail,-12.9,-0.012,0.98,42.6,196.92,-0.12,177,-120.2,-0.179,0.76,37.3,196.92,-1.4,116,107.3,0.262,1.59,51.2,50.34,1.67,61
vol,0.1,True,1.5,0.0,0.0,15,timeout,57.81,0.054,1.09,38.0,169.05,0.55,177,-96.7,-0.144,0.79,28.4,169.05,-1.22,116,154.51,0.377,1.89,53.7,29.03,2.4,61
vol,0.1,True,1.5,0.0,0.0,30,timeout,77.18,0.071,1.11,40.7,170.27,0.67,177,-74.35,-0.111,0.85,32.8,170.27,-0.81,116,151.53,0.37,1.82,53.7,27.01,2.25,61
vol,0.1,True,1.5,0.0,0.0,60,timeout,-49.31,-0.046,0.94,42.6,200.96,-0.36,177,-115.22,-0.172,0.8,37.3,200.96,-1.08,116,65.91,0.161,1.29,51.2,105.62,0.8,61
vol,0.1,False,0.25,0.5,0.0,60,target,64.95,0.06,1.07,48.1,247.18,0.35,108,-205.84,-0.307,0.7,37.3,220.44,-1.43,67,270.78,0.66,2.19,65.9,63.83,2.47,41
vol,0.1,False,0.25,1.0,0.0,60,target,197.04,0.182,1.18,34.3,215.71,0.75,108,-122.05,-0.182,0.84,26.9,215.71,-0.62,67,319.09,0.778,1.93,46.3,120.83,1.87,41
vol,0.1,False,0.25,2.0,0.0,60,target,510.66,0.473,1.4,25.9,340.01,1.29,108,-113.33,-0.169,0.87,17.9,340.01,-0.42,67,623.99,1.522,2.59,39.0,133.4,2.26,41
vol,0.1,False,0.25,0.0,0.25,60,trail,454.38,0.421,1.42,36.1,342.02,1.26,108,-78.97,-0.118,0.9,28.4,342.02,-0.32,67,533.36,1.301,2.58,48.8,99.93,2.08,41
vol,0.1,False,0.25,0.0,0.5,60,trail,394.48,0.365,1.34,29.6,398.35,1.07,108,-233.02,-0.348,0.71,20.9,398.35,-1.03,67,627.5,1.53,2.74,43.9,99.93,2.26,41
vol,0.1,False,0.25,0.0,1.0,60,trail,751.17,0.696,1.59,26.9,512.73,1.46,108,-19.17,-0.029,0.98,17.9,512.73,-0.05,67,770.34,1.879,3.01,41.5,123.92,2.25,41
vol,0.1,False,0.25,0.0,0.0,15,timeout,943.5,0.874,1.77,29.6,425.32,1.82,108,8.21,0.012,1.01,19.4,425.32,0.02,67,935.29,2.281,3.6,46.3,99.93,2.51,41
vol,0.1,False,0.25,0.0,0.0,30,timeout,1017.32,0.942,1.8,25.0,394.33,1.82,108,206.86,0.309,1.24,17.9,394.33,0.5,67,810.45,1.977,3.04,36.6,169.62,2.18,41
vol,0.1,False,0.25,0.0,0.0,60,timeout,910.86,0.843,1.68,22.2,353.53,1.55,108,277.73,0.415,1.31,17.9,319.44,0.64,67,633.13,1.544,2.41,29.3,353.53,1.58,41
vol,0.1,False,0.5,0.5,0.0,60,target,-149.99,-0.139,0.78,51.9,289.59,-1.26,108,-265.15,-0.396,0.49,40.3,263.36,-2.85,67,115.16,0.281,1.75,70.7,46.28,1.72,41
vol,0.1,False,0.5,1.0,0.0,60,target,-170.39,-0.158,0.8,37.0,317.5,-1.1,108,-267.43,-0.399,0.55,28.4,278.25,-2.31,67,97.03,0.237,1.39,51.2,105.47,0.98,41
vol,0.1,False,0.5,2.0,0.0,60,target,-8.76,-0.008,0.99,30.6,333.81,-0.04,108,-292.17,-0.436,0.57,19.4,327.21,-1.94,67,283.41,0.691,2.06,48.8,105.47,1.9,41
vol,0.1,False,0.5,0.0,0.25,60,trail,-16.58,-0.015,0.98,40.7,295.37,-0.08,108,-228.18,-0.341,0.6,31.3,295.37,-1.65,67,211.6,0.516,1.9,56.1,82.01,1.54,41
vol,0.1,False,0.5,0.0,0.5,60,trail,-80.59,-0.075,0.91,33.3,395.25,-0.4,108,-332.3,-0.496,0.47,23.9,353.03,-2.6,67,251.71,0.614,1.98,48.8,87.01,1.68,41
vol,0.1,False,0.5,0.0,1.0,60,trail,67.56,0.063,1.07,29.6,413.57,0.25,108,-245.09,-0.366,0.64,19.4,413.57,-1.23,67,312.66,0.763,2.12,46.3,124.45,1.72,41
vol,0.1,False,0.5,0.0,0.0,15,timeout,171.15,0.158,1.19,31.5,359.78,0.62,108,-199.11,-0.297,0.69,22.4,359.78,-1.08,67,370.25,0.903,2.33,46.3,111.67,1.88,41
vol,0.1,False,0.5,0.0,0.0,30,timeout,232.92,0.216,1.25,28.7,325.96,0.79,108,-103.67,-0.155,0.84,22.4,325.96,-0.48,67,336.59,0.821,2.2,39.0,145.37,1.72,41
vol,0.1,False,0.5,0.0,0.0,60,timeout,194.85,0.18,1.2,27.8,316.92,0.63,108,-96.64,-0.144,0.86,19.4,316.92,-0.42,67,291.49,0.711,1.96,41.5,221.74,1.4,41
vol,0.1,False,1.0,0.5,0.0,60,target,-223.3,-0.207,0.55,54.6,284.65,-2.71,108,-241.66,-0.361,0.37,44.8,234.79,-3.66,67,18.36,0.045,1.16,70.7,52.75,0.41,41
vol,0.1,False,1.0,1.0,0.0,60,target,-219.27,-0.203,0.64,42.6,310.01,-2.16,108,-244.48,-0.365,0.44,32.8,242.62,-3.13,67,25.22,0.062,1.15,58.5,81.12,0.41,41
vol,0.1,False,1.0,2.0,0.0,60,target,-197.34,-0.183,0.71,37.0,335.89,-1.54,108,-296.06,-0.442,0.41,25.4,304.19,-3.26,67,98.72,0.241,1.54,56.1,65.42,1.17,41
vol,0.1,False,1.0,0.0,0.25,60,trail,-170.14,-0.158,0.71,45.4,285.12,-1.43,108,-222.63,-0.332,0.47,37.3,238.44,-2.59,67,52.5,0.128,1.3,58.5,71.21,0.66,41
vol,0.1,False,1.0,0.0,0.5,60,trail,-217.57,-0.201,0.66,38.9,380.29,-1.8,108,-296.33,-0.442,0.35,29.9,300.72,-3.67,67,78.76,0.192,1.42,53.7,92.65,0.93,41
vol,0.1,False,1.0,0.0,1.0,60,trail,-165.51,-0.153,0.76,36.1,375.74,-1.08,108,-272.52,-0.407,0.45,25.4,323.72,-2.43,67,107.01,0.261,1.55,53.7,113.68,1.07,41
vol,0.1,False,1.0,0.0,0.0,15,timeout,-80.01,-0.074,0.88,36.1,299.53,-0.52,108,-222.57,-0.332,0.52,26.9,299.53,-2.11,67,142.56,0.348,1.77,51.2,103.01,1.34,41
vol,0.1,False,1.0,0.0,0.0,30,timeout,-40.64,-0.038,0.94,34.3,277.28,-0.25,108,-175.62,-0.262,0.63,28.4,274.71,-1.44,67,134.98,0.329,1.71,43.9,118.54,1.28,41
vol,0.1,False,1.0,0.0,0.0,60,timeout,-89.83,-0.083,0.87,35.2,313.68,-0.53,108,-198.29,-0.296,0.6,25.4,275.4,-1.57,67,108.47,0.265,1.54,51.2,151.61,0.97,41
vol,0.1,False,1.5,0.5,0.0,60,target,-225.77,-0.209,0.46,56.5,263.19,-3.3,108,-214.62,-0.32,0.32,47.8,206.56,-3.86,67,-11.14,-0.027,0.89,70.7,55.22,-0.3,41
vol,0.1,False,1.5,1.0,0.0,60,target,-226.45,-0.21,0.54,44.4,283.84,-2.8,108,-216.71,-0.323,0.39,35.8,211.98,-3.42,67,-9.74,-0.024,0.93,58.5,77.67,-0.2,41
vol,0.1,False,1.5,2.0,0.0,60,target,-239.66,-0.222,0.58,38.9,328.92,-2.45,108,-275.59,-0.411,0.34,28.4,277.53,-3.87,67,35.93,0.088,1.24,56.1,70.54,0.57,41
vol,0.1,False,1.5,0.0,0.25,60,trail,-215.57,-0.2,0.57,46.3,289.12,-2.37,108,-215.15,-0.321,0.38,38.8,216.26,-3.19,67,-0.42,-0.001,1.0,58.5,79.93,-0.01,41
vol,0.1,False,1.5,0.0,0.5,60,trail,-236.6,-0.219,0.55,40.7,341.97,-2.56,108,-259.53,-0.387,0.3,32.8,258.98,-4.02,67,22.93,0.056,1.15,53.7,88.39,0.36,41
vol,0.1,False,1.5,0.0,1.0,60,trail,-204.25,-0.189,0.64,38.9,341.3,-1.82,108,-242.57,-0.362,0.39,29.9,263.82,-2.91,67,38.32,0.093,1.23,53.7,105.86,0.53,41
vol,0.1,False,1.5,0.0,0.0,15,timeout,-139.15,-0.129,0.73,38.0,283.15,-1.25,108,-199.0,-0.297,0.45,29.9,239.2,-2.55,67,59.85,0.146,1.38,51.2,101.48,0.78,41
vol,0.1,False,1.5,0.0,0.0,30,timeout,-111.57,-0.103,0.79,36.1,270.65,-0.94,108,-165.98,-0.248,0.55,31.3,220.4,-1.87,67,54.41,0.133,1.34,43.9,112.58,0.71,41
vol,0.1,False,1.5,0.0,0.0,60,timeout,-171.13,-0.158,0.71,37.0,317.26,-1.38,108,-210.41,-0.314,0.49,28.4,245.53,-2.26,67,39.29,0.096,1.24,51.2,131.14,0.49,41
vol,0.2,True,0.25,0.5,0.0,60,target,683.06,0.632,1.78,63.9,104.75,3.74,143,252.03,0.376,1.38,59.7,104.75,1.68,94,431.04,1.051,3.0,70.7,65.48,4.33,49
vol,0.2,True,0.25,1.0,0.0,60,target,1446.76,1.34,2.35,58.3,118.8,4.71,143,682.28,1.018,1.87,55.2,104.75,2.82,94,764.48,1.865,3.64,63.4,118.8,4.09,49
vol,0.2,True,0.25,2.0,0.0,60,target,1421.16,1.316,2.0,40.7,124.42,3.09,143,547.26,0.817,1.54,35.8,124.42,1.57,94,873.9,2.131,3.14,48.8,121.08,2.94,49
vol,0.2,True,0.25,0.0,0.25,60,trail,1657.16,1.534,2.59,56.5,168.23,4.2,143,731.78,1.092,1.98,55.2,168.23,2.48,94,925.39,2.257,4.16,58.5,77.77,3.59,49
vol,0.2,True,0.25,0.0,0.5,60,trail,1398.48,1.295,2.2,46.3,156.73,3.47,143,489.55,0.731,1.59,41.8,156.73,1.68,94,908.93,2.217,3.74,53.7,118.8,3.34,49
vol,0.2,True,0.25,0.0,1.0,60,trail,1577.62,1.461,2.19,42.6,174.74,2.86,143,546.03,0.815,1.57,38.8,174.74,1.3,94,1031.59,2.516,3.84,48.8,118.8,2.95,49
vol,0.2,True,0.25,0.0,0.0,15,timeout,1992.78,1.845,2.51,47.2,118.8,3.55,143,772.72,1.153,1.8,41.8,93.6,1.85,94,1220.06,2.976,4.43,56.1,118.8,3.31,49
vol,0.2,True,0.25,0.0,0.0,30,timeout,1946.42,1.802,2.36,40.7,148.44,3.18,143,853.31,1.274,1.83,35.8,148.44,1.79,94,1093.12,2.666,3.73,48.8,118.8,2.84,49
vol,0.2,True,0.25,0.0,0.0,60,timeout,1512.56,1.401,1.98,32.4,240.07,2.35,143,758.3,1.132,1.71,29.9,240.07,1.53,94,754.26,1.84,2.58,36.6,211.51,1.83,49
vol,0.2,True,0.5,0.5,0.0,60,target,279.32,0.259,1.47,59.3,77.14,2.4,143,53.13,0.079,1.11,55.2,77.14,0.51,94,226.19,0.552,2.81,65.9,11.58,4.71,49
vol,0.2,True,0.5,1.0,0.0,60,target,631.27,0.585,1.83,67.6,64.0,3.65,143,243.92,0.364,1.42,64.2,64.0,1.73,94,387.35,0.945,3.07,73.2,57.25,4.01,49
vol,0.2,True,0.5,2.0,0.0,60,target,673.54,0.624,1.66,52.8,120.9,2.6,143,177.54,0.265,1.24,47.8,120.9,0.87,94,496.0,1.21,2.82,61.0,88.54,3.21,49
vol,0.2,True,0.5,0.0,0.25,60,trail,679.26,0.629,1.94,60.2,122.33,3.18,143,234.89,0.351,1.44,58.2,122.33,1.43,94,444.37,1.084,3.39,63.4,46.88,3.33,49
vol,0.2,True,0.5,0.0,0.5,60,trail,525.65,0.487,1.65,50.9,131.98,2.37,143,90.88,0.136,1.15,46.3,131.98,0.55,94,434.77,1.06,3.1,58.5,51.79,3.06,49
vol,0.2,True,0.5,0.0,1.0,60,trail,681.0,0.631,1.72,51.9,160.08,2.28,143,145.01,0.216,1.2,47.8,160.08,0.62,94,535.99,1.307,3.32,58.5,80.85,3.0,49
vol,0.2,True,0.5,0.0,0.0,15,timeout,878.28,0.813,1.95,53.7,110.72,2.93,143,212.84,0.318,1.31,46.3,110.72,0.94,94,665.44,1.623,3.84,65.9,71.08,3.59,49
vol,0.2,True,0.5,0.0,0.0,30,timeout,884.16,0.819,1.87,48.1,107.89,2.7,143,255.38,0.381,1.34,43.3,107.89,0.99,94,628.78,1.534,3.37,56.1,80.59,3.21,49
vol,0.2,True,0.5,0.0,0.0,60,timeout,684.71,0.634,1.62,44.4,133.63,1.97,143,275.74,0.412,1.35,41.8,116.48,1.01,94,408.97,0.997,2.27,48.8,133.63,1.91,49
vol,0.2,True,1.0,0.5,0.0,60,target,153.12,0.142,1.44,64.8,31.42,2.46,143,64.64,0.096,1.25,62.7,31.42,1.2,94,88.48,0.216,1.96,68.3,13.38,2.83,49
vol,0.2,True,1.0,1.0,0.0,60,target,312.94,0.29,1.66,56.5,39.4,3.38,143,129.18,0.193,1.37,50.7,39.4,1.74,94,183.76,0.448,2.47,65.9,23.63,3.4,49
vol,0.2,True,1.0,2.0,0.0,60,target,259.79,0.241,1.39,60.2,106.0,1.74,143,19.87,0.03,1.04,53.7,106.0,0.17,94,239.92,0.585,2.41,70.7,47.65,2.68,49
vol,0.2,True,1.0,0.0,0.25,60,trail,273.68,0.253,1.59,57.4,55.01,2.44,143,86.46,0.129,1.26,56.7,55.01,1.02,94,187.22,0.457,2.43,58.5,32.77,2.6,49
vol,0.2,True,1.0,0.0,0.5,60,trail,183.6,0.17,1.35,53.7,107.58,1.53,143,-9.06,-0.014,0.98,49.3,107.58,-0.1,94,192.66,0.47,2.37,61.0,41.22,2.48,49
vol,0.2,True,1.0,0.0,1.0,60,trail,265.67,0.246,1.42,55.6,145.31,1.64,143,20.05,0.03,1.04,50.7,145.31,0.15,94,245.61,0.599,2.62,63.4,34.66,2.61,49
vol,0.2,True,1.0,0.0,0.0,15,timeout,356.82,0.33,1.6,50.9,116.9,2.27,143,40.7,0.061,1.09,40.3,116.9,0.33,94,316.12,0.771,3.25,68.3,25.6,3.4,49
vol,0.2,True,1.0,0.0,0.0,30,timeout,398.12,0.369,1.62,51.9,94.69,2.33,143,88.22,0.132,1.18,47.8,94.69,0.64,94,309.9,0.756,2.95,58.5,23.53,3.18,49
vol,0.2,True,1.0,0.0,0.0,60,timeout,303.66,0.281,1.43,54.6,102.63,1.62,143,108.55,0.162,1.21,50.7,102.63,0.72,94,195.12,0.476,1.99,61.0,60.44,1.73,49
vol,0.2,True,1.5,0.5,0.0,60,target,89.24,0.083,1.35,70.4,20.88,1.82,143,26.71,0.04,1.14,68.7,20.88,0.65,94,62.53,0.153,1.97,73.2,8.5,2.37,49
vol,0.2,True,1.5,1.0,0.0,60,target,193.31,0.179,1.56,57.4,33.86,3.32,143,70.4,0.105,1.28,52.2,33.86,1.47,94,122.91,0.3,2.37,65.9,9.63,3.81,49
vol,0.2,True,1.5,2.0,0.0,60,target,118.56,0.11,1.23,60.2,104.89,1.1,143,-26.58,-0.04,0.93,53.7,104.89,-0.31,94,145.15,0.354,2.1,70.7,40.99,2.3,49
vol,0.2,True,1.5,0.0,0.25,60,trail,149.73,0.139,1.43,61.1,52.82,1.88,143,30.72,0.046,1.12,59.7,52.82,0.51,94,119.01,0.29,2.2,63.4,20.48,2.3,49
vol,0.2,True,1.5,0.0,0.5,60,trail,102.81,0.095,1.27,55.6,71.8,1.25,143,-19.69,-0.029,0.93,50.7,71.8,-0.33,94,122.5,0.299,2.19,63.4,24.7,2.28,49
vol,0.2,True,1.5,0.0,1.0,60,trail,149.36,0.138,1.32,54.6,114.56,1.34,143,-1.9,-0.003,0.99,52.2,114.56,-0.02,94,151.25,0.369,2.33,58.5,30.41,2.37,49
vol,0.2,True,1.5,0.0,0.0,15,timeout,217.65,0.202,1.51,47.2,90.4,2.1,143,22.21,0.033,1.07,38.8,90.4,0.28,94,195.44,0.477,2.8,61.0,20.67,3.08,49
vol,0.2,True,1.5,0.0,0.0,30,timeout,247.2,0.229,1.54,50.9,78.48,2.17,143,54.06,0.081,1.16,46.3,78.48,0.59,94,193.14,0.471,2.6,58.5,15.93,2.95,49
vol,0.2,True,1.5,0.0,0.0,60,timeout,133.0,0.123,1.24,53.7,108.58,1.0,143,23.75,0.035,1.06,50.7,108.58,0.22,94,109.25,0.266,1.7,58.5,55.52,1.39,49
vol,0.2,False,0.25,0.5,0.0,60,target,551.02,0.51,1.89,56.5,79.68,3.2,104,204.4,0.305,1.45,52.2,79.68,1.46,66,346.62,0.845,3.12,63.4,52.15,3.53,38
vol,0.2,False,0.25,1.0,0.0,60,target,1092.41,1.011,2.4,46.3,139.85,3.99,104,481.61,0.719,1.87,41.8,139.85,2.24,66,610.8,1.49,3.73,53.7,79.2,3.66,38
vol,0.2,False,0.25,2.0,0.0,60,target,1442.0,1.335,2.47,35.2,234.32,3.39,104,455.3,0.68,1.65,28.4,234.32,1.47,66,986.7,2.407,4.6,46.3,79.2,3.51,38
vol,0.2,False,0.25,0.0,0.25,60,trail,1464.95,1.356,2.92,49.1,223.54,3.79,104,570.34,0.851,2.05,46.3,223.54,2.02,66,894.61,2.182,5.06,53.7,61.13,3.48,38
vol,0.2,False,0.25,0.0,0.5,60,trail,1278.62,1.184,2.44,40.7,226.56,3.27,104,386.18,0.576,1.62,35.8,226.56,1.42,66,892.44,2.177,4.35,48.8,79.2,3.29,38
vol,0.2,False,0.25,0.0,1.0,60,trail,1629.98,1.509,2.73,37.0,291.17,3.09,104,534.64,0.798,1.79,31.3,291.17,1.35,66,1095.35,2.672,5.1,46.3,79.2,3.23,38
vol,0.2,False,0.25,0.0,0.0,15,timeout,1953.64,1.809,3.13,38.9,198.02,3.63,104,703.75,1.05,2.05,31.3,198.02,1.79,66,1249.88,3.048,6.08,51.2,79.2,3.49,38
vol,0.2,False,0.25,0.0,0.0,30,timeout,1933.19,1.79,2.9,33.3,224.99,3.31,104,773.62,1.155,2.07,26.9,224.99,1.74,66,1159.57,2.828,4.99,43.9,79.2,3.11,38
vol,0.2,False,0.25,0.0,0.0,60,timeout,1556.77,1.441,2.43,28.7,234.32,2.62,104,689.71,1.029,1.93,25.4,234.32,1.56,66,867.05,2.115,3.52,34.1,113.92,2.18,38
vol,0.2,False,0.5,0.5,0.0,60,target,242.64,0.225,1.59,65.7,88.8,2.3,104,60.75,0.091,1.19,61.2,88.8,0.68,66,181.89,0.444,3.0,73.2,15.08,3.31,38
vol,0.2,False,0.5,1.0,0.0,60,target,436.64,0.404,1.79,54.6,134.83,2.79,104,164.57,0.246,1.41,50.7,134.83,1.31,66,272.07,0.664,2.77,61.0,54.55,2.94,38
vol,0.2,False,0.5,2.0,0.0,60,target,646.8,0.599,1.94,45.4,194.4,2.76,104,201.64,0.301,1.41,40.3,194.4,1.14,66,445.15,1.086,3.3,53.7,54.55,2.98,38
vol,0.2,False,0.5,0.0,0.25,60,trail,598.51,0.554,2.11,55.6,187.15,2.87,104,185.56,0.277,1.47,52.2,187.15,1.2,66,412.96,1.007,3.78,61.0,45.56,3.04,38
vol,0.2,False,0.5,0.0,0.5,60,trail,505.29,0.468,1.81,50.0,188.18,2.39,104,86.46,0.129,1.19,44.8,188.18,0.57,66,418.83,1.022,3.42,58.5,45.56,2.94,38
vol,0.2,False,0.5,0.0,1.0,60,trail,709.61,0.657,2.06,46.3,217.64,2.53,104,205.27,0.306,1.42,41.8,217.64,0.96,66,504.34,1.23,3.72,53.7,54.55,2.85,38
vol,0.2,False,0.5,0.0,0.0,15,timeout,814.68,0.754,2.24,43.5,181.65,2.87,104,234.1,0.349,1.49,35.8,181.65,1.12,66,580.58,1.416,4.27,56.1,45.56,3.11,38
vol,0.2,False,0.5,0.0,0.0,30,timeout,834.28,0.772,2.17,41.7,197.33,2.72,104,299.22,0.447,1.59,37.3,197.33,1.28,66,535.07,1.305,3.57,48.8,46.6,2.75,38
vol,0.2,False,0.5,0.0,0.0,60,timeout,696.92,0.645,1.91,39.8,194.4,2.21,104,316.53,0.472,1.6,37.3,194.4,1.32,66,380.39,0.928,2.56,43.9,80.05,1.85,38
vol,0.2,False,1.0,0.5,0.0,60,target,143.14,0.133,1.63,74.1,39.84,2.2,104,62.05,0.093,1.37,73.1,39.84,1.13,66,81.09,0.198,2.34,75.6,12.54,2.32,38
vol,0.2,False,1.0,1.0,0.0,60,target,209.8,0.194,1.62,62.0,99.91,2.25,104,68.92,0.103,1.28,58.2,99.91,0.91,66,140.89,0.344,2.51,68.3,22.89,2.62,38
vol,0.2,False,1.0,2.0,0.0,60,target,265.6,0.246,1.61,54.6,145.63,2.04,104,37.46,0.056,1.11,47.8,145.63,0.37,66,228.14,0.556,3.12,65.9,45.21,2.88,38
vol,0.2,False,1.0,0.0,0.25,60,trail,248.44,0.23,1.72,63.0,106.35,2.14,104,62.17,0.093,1.25,62.7,106.35,0.7,66,186.27,0.454,2.91,63.4,27.12,2.52,38
vol,0.2,False,1.0,0.0,0.5,60,trail,201.58,0.187,1.52,58.3,134.1,1.71,104,2.13,0.003,1.01,53.7,134.1,0.02,66,199.45,0.486,2.84,65.9,36.91,2.58,38
vol,0.2,False,1.0,0.0,1.0,60,trail,277.43,0.257,1.63,53.7,168.71,1.83,104,44.5,0.066,1.14,49.3,168.71,0.38,66,232.92,0.568,2.95,61.0,41.52,2.47,38
vol,0.2,False,1.0,0.0,0.0,15,timeout,320.65,0.297,1.74,48.1,154.63,2.1,104,47.5,0.071,1.15,40.3,154.63,0.42,66,273.15,0.666,3.52,61.0,37.59,2.79,38
vol,0.2,False,1.0,0.0,0.0,30,timeout,379.53,0.351,1.87,50.9,121.62,2.33,104,121.7,0.182,1.39,49.3,121.62,0.96,66,257.82,0.629,3.03,53.7,37.04,2.53,38
vol,0.2,False,1.0,0.0,0.0,60,timeout,327.88,0.304,1.71,51.9,140.17,1.95,104,133.41,0.199,1.41,47.8,140.17,1.03,66,194.47,0.474,2.44,58.5,60.03,1.82,38
vol,0.2,False,1.5,0.5,0.0,60,target,69.14,0.064,1.38,75.0,40.52,1.33,104,28.83,0.043,1.23,74.6,40.52,0.67,66,40.31,0.098,1.75,75.6,13.48,1.39,38
vol,0.2,False,1.5,1.0,0.0,60,target,109.5,0.101,1.41,63.9,95.95,1.54,104,29.79,0.044,1.16,61.2,95.95,0.52,66,79.7,0.194,2.04,68.3,24.45,1.95,38
vol,0.2,False,1.5,2.0,0.0,60,target,115.19,0.107,1.32,56.5,135.71,1.19,104,-19.34,-0.029,0.93,50.7,135.71,-0.25,66,134.54,0.328,2.51,65.9,34.98,2.34,38
vol,0.2,False,1.5,0.0,0.25,60,trail,119.96,0.111,1.43,64.8,100.09,1.4,104,18.36,0.027,1.1,65.7,100.09,0.28,66,101.59,0.248,2.16,63.4,26.35,1.85,38
vol,0.2,False,1.5,0.0,0.5,60,trail,102.88,0.095,1.34,61.1,114.92,1.19,104,-12.66,-0.019,0.94,58.2,114.92,-0.2,66,115.53,0.282,2.29,65.9,29.39,2.05,38
vol,0.2,False,1.5,0.0,1.0,60,trail,137.39,0.127,1.4,56.5,149.52,1.27,104,2.8,0.004,1.01,53.7,149.52,0.03,66,134.59,0.328,2.34,61.0,32.52,2.0,38
vol,0.2,False,1.5,0.0,0.0,15,timeout,168.88,0.156,1.51,50.0,121.56,1.56,104,8.8,0.013,1.04,43.3,121.56,0.11,66,160.09,0.39,2.7,61.0,35.06,2.29,38
vol,0.2,False,1.5,0.0,0.0,30,timeout,214.47,0.199,1.64,52.8,104.86,1.86,104,64.6,0.096,1.29,52.2,104.86,0.73,66,149.87,0.366,2.4,53.7,34.7,2.07,38
vol,0.2,False,1.5,0.0,0.0,60,timeout,150.68,0.14,1.4,53.7,129.31,1.25,104,44.62,0.067,1.17,50.7,129.31,0.47,66,106.06,0.259,1.94,58.5,50.45,1.4,38
vol,0.35,True,0.25,0.5,0.0,60,target,801.88,0.742,2.23,60.2,91.14,4.37,121,379.96,0.567,1.78,55.2,91.14,2.45,79,421.92,1.029,3.55,68.3,61.82,4.36,42
vol,0.35,True,0.25,1.0,0.0,60,target,1215.72,1.126,2.32,50.0,122.03,4.16,121,589.65,0.88,1.89,46.3,75.42,2.48,79,626.07,1.527,3.41,56.1,122.03,3.72,42
vol,0.35,True,0.25,2.0,0.0,60,target,1302.51,1.206,2.06,33.3,241.07,2.94,121,512.42,0.765,1.59,28.4,241.07,1.5,79,790.09,1.927,3.26,41.5,122.03,2.82,42
vol,0.35,True,0.25,0.0,0.25,60,trail,1449.97,1.343,2.72,47.2,118.5,3.92,121,630.93,0.942,2.05,44.8,118.5,2.29,79,819.04,1.998,4.36,51.2,98.83,3.36,42
vol,0.35,True,0.25,0.0,0.5,60,trail,1220.73,1.13,2.23,43.5,150.3,3.21,121,388.73,0.58,1.54,38.8,150.3,1.41,79,832.0,2.029,4.13,51.2,122.03,3.26,42
vol,0.35,True,0.25,0.0,1.0,60,trail,1610.74,1.491,2.43,38.0,167.77,3.05,121,656.6,0.98,1.81,31.3,167.77,1.61,79,954.14,2.327,4.02,48.8,126.23,2.88,42
vol,0.35,True,0.25,0.0,0.0,15,timeout,1909.16,1.768,2.75,41.7,111.26,3.59,121,759.35,1.133,1.94,37.3,98.64,1.92,79,1149.8,2.804,5.08,48.8,111.26,3.3,42
vol,0.35,True,0.25,0.0,0.0,30,timeout,1922.12,1.78,2.61,34.3,148.91,3.3,121,889.02,1.327,2.03,29.9,148.91,1.96,79,1033.1,2.52,4.12,41.5,122.03,2.84,42
vol,0.35,True,0.25,0.0,0.0,60,timeout,1562.78,1.447,2.19,27.8,267.4,2.53,121,834.65,1.246,1.92,25.4,267.4,1.74,79,728.13,1.776,2.79,31.7,202.35,1.86,42
vol,0.35,True,0.5,0.5,0.0,60,target,315.52,0.292,1.67,57.4,85.07,2.78,121,98.55,0.147,1.27,53.7,85.07,0.98,79,216.97,0.529,3.04,63.4,12.68,4.34,42
vol,0.35,True,0.5,1.0,0.0,60,target,427.22,0.396,1.61,50.9,96.75,2.42,121,132.92,0.198,1.26,47.8,96.75,0.93,79,294.3,0.718,2.57,56.1,69.31,2.9,42
vol,0.35,True,0.5,2.0,0.0,60,target,447.36,0.414,1.48,38.0,133.45,1.76,121,149.11,0.223,1.23,35.8,133.45,0.74,79,298.25,0.727,2.08,41.5,94.98,1.93,42
vol,0.35,True,0.5,0.0,0.25,60,trail,612.19,0.567,2.04,50.0,92.9,3.05,121,225.71,0.337,1.53,47.8,92.9,1.47,79,386.48,0.943,3.37,53.7,42.43,3.05,42
vol,0.35,True,0.5,0.0,0.5,60,trail,413.26,0.383,1.57,48.1,133.76,1.95,121,27.27,0.041,1.05,43.3,133.76,0.17,79,385.98,0.941,3.23,56.1,62.94,2.9,42
vol,0.35,True,0.5,0.0,1.0,60,trail,551.21,0.51,1.63,39.8,162.69,1.9,121,171.33,0.256,1.28,35.8,162.69,0.76,79,379.88,0.927,2.49,46.3,117.23,2.1,42
vol,0.35,True,0.5,0.0,0.0,15,timeout,721.75,0.668,1.87,47.2,87.32,2.5,121,221.76,0.331,1.37,44.8,87.32,1.02,79,499.99,1.219,3.26,51.2,77.26,2.67,42
vol,0.35,True,0.5,0.0,0.0,30,timeout,709.47,0.657,1.79,40.7,97.36,2.27,121,291.04,0.434,1.46,38.8,97.36,1.19,79,418.44,1.021,2.57,43.9,91.26,2.14,42
vol,0.35,True,0.5,0.0,0.0,60,timeout,547.74,0.507,1.54,32.4,199.39,1.64,121,301.4,0.45,1.44,32.8,122.92,1.15,79,246.34,0.601,1.76,31.7,199.39,1.18,42
vol,0.35,True,1.0,0.5,0.0,60,target,114.14,0.106,1.37,59.3,54.82,1.63,121,15.75,0.024,1.07,55.2,54.82,0.25,79,98.38,0.24,2.44,65.9,11.61,3.34,42
vol,0.35,True,1.0,1.0,0.0,60,target,170.5,0.158,1.37,48.1,82.41,1.59,121,-10.41,-0.016,0.97,40.3,82.41,-0.12,79,180.92,0.441,2.79,61.0,47.07,3.06,42
vol,0.35,True,1.0,2.0,0.0,60,target,163.56,0.151,1.26,43.5,144.64,1.08,121,-53.53,-0.08,0.89,37.3,144.64,-0.45,79,217.09,0.529,2.47,53.7,67.75,2.47,42
vol,0.35,True,1.0,0.0,0.25,60,trail,212.83,0.197,1.52,50.9,60.2,1.86,121,36.4,0.054,1.12,47.8,60.2,0.41,79,176.44,0.43,2.67,56.1,27.3,2.5,42
vol,0.35,True,1.0,0.0,0.5,60,trail,116.22,0.108,1.24,49.1,127.63,0.94,121,-86.12,-0.129,0.77,41.8,127.63,-0.9,79,202.35,0.494,2.93,61.0,30.67,2.76,42
vol,0.35,True,1.0,0.0,1.0,60,trail,200.17,0.185,1.35,43.5,144.62,1.24,121,-27.78,-0.041,0.94,35.8,144.62,-0.22,79,227.95,0.556,2.66,56.1,78.36,2.44,42
vol,0.35,True,1.0,0.0,0.0,15,timeout,291.15,0.27,1.53,47.2,112.64,1.84,121,0.67,0.001,1.0,40.3,112.64,0.01,79,290.47,0.708,3.43,58.5,51.8,3.06,42
vol,0.35,True,1.0,0.0,0.0,30,timeout,306.46,0.284,1.51,45.4,108.08,1.78,121,23.41,0.035,1.05,38.8,108.08,0.17,79,283.05,0.69,3.05,56.1,47.88,2.83,42
vol,0.35,True,1.0,0.0,0.0,60,timeout,182.92,0.169,1.27,38.9,119.82,1.0,121,12.99,0.019,1.03,34.3,119.82,0.09,79,169.92,0.414,1.93,46.3,85.51,1.56,42
vol,0.35,True,1.5,0.5,0.0,60,target,61.53,0.057,1.27,59.3,38.6,1.34,121,8.31,0.012,1.05,55.2,38.6,0.21,79,53.21,0.13,1.92,65.9,16.68,2.22,42
vol,0.35,True,1.5,1.0,0.0,60,target,77.87,0.072,1.22,49.1,69.31,0.99,121,-31.55,-0.047,0.89,40.3,69.31,-0.5,79,109.42,0.267,2.39,63.4,40.46,2.41,42
vol,0.35,True,1.5,2.0,0.0,60,target,45.66,0.042,1.09,43.5,147.4,0.41,121,-84.46,-0.126,0.78,35.8,147.4,-0.95,79,130.12,0.317,2.15,56.1,60.9,2.0,42
vol,0.35,True,1.5,0.0,0.25,60,trail,118.64,0.11,1.39,50.9,45.07,1.55,121,11.35,0.017,1.05,47.8,45.07,0.2,79,107.29,0.262,2.31,56.1,21.16,2.18,42
vol,0.35,True,1.5,0.0,0.5,60,trail,37.5,0.035,1.1,49.1,97.73,0.43,121,-75.68,-0.113,0.73,41.8,97.73,-1.16,79,113.17,0.276,2.23,61.0,39.2,2.06,42
vol,0.35,True,1.5,0.0,1.0,60,trail,93.74,0.087,1.21,44.4,115.31,0.82,121,-37.08,-0.055,0.89,35.8,115.31,-0.42,79,130.82,0.319,2.16,58.5,71.11,1.89,42
vol,0.35,True,1.5,0.0,0.0,15,timeout,183.68,0.17,1.47,45.4,77.6,1.76,121,-0.97,-0.001,1.0,38.8,77.6,-0.01,79,184.66,0.45,3.08,56.1,34.95,2.87,42
vol,0.35,True,1.5,0.0,0.0,30,timeout,201.76,0.187,1.48,45.4,76.19,1.76,121,21.62,0.032,1.07,40.3,76.19,0.24,79,180.14,0.439,2.78,53.7,29.02,2.68,42
vol,0.35,True,1.5,0.0,0.0,60,timeout,79.9,0.074,1.15,40.7,113.72,0.61,121,-16.23,-0.024,0.96,35.8,113.72,-0.15,79,96.13,0.234,1.69,48.8,71.88,1.23,42
vol,0.35,False,0.25,0.5,0.0,60,target,761.41,0.705,2.73,57.4,79.13,4.82,93,375.71,0.561,2.19,53.7,79.13,2.92,58,385.7,0.941,4.13,63.4,40.93,4.24,35
vol,0.35,False,0.25,1.0,0.0,60,target,1260.02,1.167,3.0,45.4,80.11,4.76,93,565.36,0.844,2.24,40.3,69.91,2.72,58,694.65,1.694,4.96,53.7,80.11,4.33,35
vol,0.35,False,0.25,2.0,0.0,60,target,1391.62,1.289,2.58,29.6,185.37,3.35,93,532.95,0.795,1.87,23.9,185.37,1.72,58,858.67,2.094,4.22,39.0,80.73,3.16,35
vol,0.35,False,0.25,0.0,0.25,60,trail,1446.42,1.339,3.35,43.5,125.83,4.06,93,588.94,0.879,2.36,38.8,125.83,2.25,58,857.48,2.091,5.66,51.2,56.91,3.64,35
vol,0.35,False,0.25,0.0,0.5,60,trail,1279.78,1.185,2.77,40.7,134.83,3.56,93,410.4,0.613,1.8,34.3,134.83,1.62,58,869.39,2.12,5.21,51.2,80.11,3.53,35
vol,0.35,False,0.25,0.0,1.0,60,trail,1663.71,1.54,3.06,34.3,166.24,3.3,93,640.99,0.957,2.11,26.9,166.24,1.66,58,1022.72,2.494,5.4,46.3,80.11,3.2,35
vol,0.35,False,0.25,0.0,0.0,15,timeout,1958.3,1.813,3.52,38.0,102.09,3.84,93,752.48,1.123,2.33,31.3,102.09,2.02,58,1205.81,2.941,6.73,48.8,69.34,3.56,35
vol,0.35,False,0.25,0.0,0.0,30,timeout,1911.72,1.77,3.17,30.6,128.96,3.43,93,814.81,1.216,2.31,23.9,128.96,1.91,58,1096.91,2.675,5.25,41.5,80.11,3.1,35
vol,0.35,False,0.25,0.0,0.0,60,timeout,1511.98,1.4,2.55,24.1,186.83,2.63,93,715.26,1.068,2.1,20.9,186.83,1.66,58,796.72,1.943,3.47,29.3,129.63,2.09,35
vol,0.35,False,0.5,0.5,0.0,60,target,324.94,0.301,2.02,62.0,80.45,3.36,93,133.73,0.2,1.57,58.2,80.45,1.67,58,191.21,0.466,3.3,68.3,14.47,3.57,35
vol,0.35,False,0.5,1.0,0.0,60,target,477.96,0.443,1.97,47.2,81.98,3.14,93,185.23,0.276,1.53,43.3,81.98,1.54,58,292.73,0.714,3.06,53.7,60.39,3.19,35
vol,0.35,False,0.5,2.0,0.0,60,target,599.63,0.555,1.92,35.2,146.95,2.61,93,239.5,0.357,1.54,31.3,146.95,1.36,58,360.14,0.878,2.74,41.5,60.39,2.46,35
vol,0.35,False,0.5,0.0,0.25,60,trail,627.93,0.581,2.45,48.1,102.97,3.29,93,240.81,0.359,1.82,44.8,102.97,1.71,58,387.12,0.944,3.77,53.7,30.94,3.07,35
vol,0.35,False,0.5,0.0,0.5,60,trail,484.33,0.448,1.91,46.3,122.65,2.48,93,93.7,0.14,1.25,40.3,122.65,0.67,58,390.63,0.953,3.61,56.1,46.15,2.97,35
vol,0.35,False,0.5,0.0,1.0,60,trail,675.41,0.625,2.09,37.0,143.77,2.51,93,233.65,0.349,1.54,31.3,143.77,1.13,58,441.76,1.077,3.38,46.3,60.39,2.61,35
vol,0.35,False,0.5,0.0,0.0,15,timeout,829.1,0.768,2.45,42.6,101.52,3.09,93,278.33,0.415,1.68,37.3,101.52,1.41,58,550.77,1.343,4.39,51.2,42.81,3.11,35
vol,0.35,False,0.5,0.0,0.0,30,timeout,787.94,0.73,2.21,37.0,120.52,2.69,93,314.82,0.47,1.71,32.8,120.52,1.4,58,473.12,1.154,3.29,43.9,56.67,2.54,35
vol,0.35,False,0.5,0.0,0.0,60,timeout,630.06,0.583,1.87,29.6,146.95,2.07,93,321.83,0.48,1.68,28.4,146.95,1.39,58,308.23,0.752,2.2,31.7,129.82,1.54,35
vol,0.35,False,1.0,0.5,0.0,60,target,152.01,0.141,1.8,65.7,53.24,2.56,93,56.9,0.085,1.4,62.7,53.24,1.13,58,95.12,0.232,3.03,70.7,12.23,3.02,35
vol,0.35,False,1.0,1.0,0.0,60,target,209.6,0.194,1.69,51.9,72.47,2.34,93,30.4,0.045,1.13,44.8,72.47,0.42,58,179.2,0.437,3.57,63.4,35.88,3.61,35
vol,0.35,False,1.0,2.0,0.0,60,target,249.7,0.231,1.59,40.7,114.68,1.92,93,22.63,0.034,1.07,32.8,114.68,0.22,58,227.07,0.554,3.14,53.7,34.82,2.87,35
vol,0.35,False,1.0,0.0,0.25,60,trail,258.54,0.239,1.9,51.9,75.71,2.42,93,72.17,0.108,1.35,49.3,75.71,0.89,58,186.37,0.455,3.21,56.1,24.36,2.75,35
vol,0.35,False,1.0,0.0,0.5,60,trail,193.87,0.18,1.56,51.9,107.77,1.75,93,-20.42,-0.03,0.92,44.8,107.77,-0.25,58,214.29,0.523,3.56,63.4,25.15,3.03,35
vol,0.35,False,1.0,0.0,1.0,60,trail,272.58,0.252,1.68,42.6,133.3,1.87,93,24.55,0.037,1.08,32.8,133.3,0.22,58,248.03,0.605,3.61,58.5,43.49,2.83,35
vol,0.35,False,1.0,0.0,0.0,15,timeout,338.0,0.313,1.85,46.3,120.22,2.3,93,39.03,0.058,1.13,38.8,120.22,0.35,58,298.97,0.729,4.39,58.5,22.25,3.26,35
vol,0.35,False,1.0,0.0,0.0,30,timeout,351.22,0.325,1.81,44.4,117.3,2.2,93,61.57,0.092,1.19,37.3,117.3,0.5,58,289.65,0.706,3.73,56.1,26.68,2.97,35
vol,0.35,False,1.0,0.0,0.0,60,timeout,227.22,0.21,1.47,36.1,116.4,1.38,93,54.17,0.081,1.16,29.9,116.4,0.43,58,173.05,0.422,2.24,46.3,75.43,1.66,35
vol,0.35,False,1.5,0.5,0.0,60,target,116.36,0.108,1.97,68.5,34.28,2.71,93,58.79,0.088,1.71,67.2,34.28,1.66,58,57.57,0.14,2.55,70.7,12.46,2.34,35
vol,0.35,False,1.5,1.0,0.0,60,target,143.91,0.133,1.67,55.6,52.62,2.19,93,25.86,0.039,1.15,49.3,52.62,0.48,58,118.05,0.288,3.46,65.9,26.52,3.34,35
vol,0.35,False,1.5,2.0,0.0,60,target,156.35,0.145,1.5,44.4,98.56,1.65,93,6.33,0.009,1.03,37.3,98.56,0.08,58,150.02,0.366,3.08,56.1,24.21,2.73,35
vol,0.35,False,1.5,0.0,0.25,60,trail,178.69,0.165,1.92,55.6,55.17,2.38,93,58.24,0.087,1.44,53.7,55.17,1.01,58,120.45,0.294,2.97,58.5,16.0,2.51,35
vol,0.35,False,1.5,0.0,0.5,60,trail,126.0,0.117,1.52,55.6,70.53,1.58,93,-1.67,-0.002,0.99,50.7,70.53,-0.03,58,127.67,0.311,2.8,63.4,29.69,2.47,35
vol,0.35,False,1.5,0.0,1.0,60,trail,188.65,0.175,1.66,47.2,95.66,1.83,93,31.19,0.047,1.15,38.8,95.66,0.38,58,157.46,0.384,3.2,61.0,34.74,2.57,35
vol,0.35,False,1.5,0.0,0.0,15,timeout,223.11,0.207,1.8,49.1,91.23,2.18,93,31.98,0.048,1.15,43.3,91.23,0.41,58,191.13,0.466,3.85,58.5,17.87,3.0,35
vol,0.35,False,1.5,0.0,0.0,30,timeout,246.78,0.229,1.84,48.1,83.53,2.24,93,63.01,0.094,1.3,43.3,83.53,0.73,58,183.77,0.448,3.29,56.1,19.62,2.73,35
vol,0.35,False,1.5,0.0,0.0,60,timeout,162.71,0.151,1.48,41.7,91.86,1.41,93,51.24,0.076,1.21,37.3,91.86,0.57,58,111.47,0.272,2.15,48.8,51.1,1.55,35
vol,0.6,True,0.25,0.5,0.0,60,target,517.41,0.479,1.8,51.9,94.91,3.23,103,283.73,0.423,1.67,49.3,75.51,2.23,65,233.68,0.57,2.08,56.1,94.91,2.38,38
vol,0.6,True,0.25,1.0,0.0,60,target,735.72,0.681,1.8,38.9,188.13,2.74,103,144.17,0.215,1.21,31.3,188.13,0.71,65,591.55,1.443,3.48,51.2,94.91,3.6,38
vol,0.6,True,0.25,2.0,0.0,60,target,1052.17,0.974,1.95,27.8,303.41,2.51,103,300.28,0.448,1.39,22.4,303.41,0.97,65,751.89,1.834,3.28,36.6,98.62,2.71,38
vol,0.6,True,0.25,0.0,0.25,60,trail,890.75,0.825,2.02,42.6,155.82,2.61,103,299.43,0.447,1.49,38.8,155.82,1.17,65,591.31,1.442,3.22,48.8,94.91,2.64,38
vol,0.6,True,0.25,0.0,0.5,60,trail,773.26,0.716,1.85,37.0,138.08,2.26,103,185.12,0.276,1.29,29.9,138.08,0.75,65,588.14,1.434,3.21,48.8,94.91,2.52,38
vol,0.6,True,0.25,0.0,1.0,60,trail,1083.63,1.003,2.02,31.5,313.86,2.26,103,340.58,0.508,1.46,25.4,313.86,0.93,65,743.05,1.812,3.36,41.5,129.52,2.41,38
vol,0.6,True,0.25,0.0,0.0,15,timeout,1452.77,1.345,2.47,34.3,125.53,2.96,103,545.37,0.814,1.77,26.9,125.53,1.51,65,907.4,2.213,4.17,46.3,94.91,2.77,38
vol,0.6,True,0.25,0.0,0.0,30,timeout,1429.25,1.323,2.31,29.6,162.52,2.68,103,624.01,0.931,1.83,25.4,162.52,1.52,65,805.25,1.964,3.35,36.6,94.91,2.36,38
vol,0.6,True,0.25,0.0,0.0,60,timeout,1137.94,1.054,1.95,22.2,238.18,2.01,103,570.81,0.852,1.72,20.9,238.18,1.32,65,567.13,1.383,2.39,24.4,229.58,1.54,38
vol,0.6,True,0.5,0.5,0.0,60,target,270.37,0.25,1.66,50.0,60.23,2.74,103,140.03,0.209,1.51,47.8,41.54,1.71,65,130.34,0.318,1.97,53.7,60.23,2.36,38
vol,0.6,True,0.5,1.0,0.0,60,target,321.95,0.298,1.5,44.4,99.0,2.18,103,62.31,0.093,1.13,38.8,99.0,0.56,65,259.64,0.633,2.46,53.7,87.11,2.75,38
vol,0.6,True,0.5,2.0,0.0,60,target,418.5,0.388,1.52,31.5,193.41,1.81,103,121.85,0.182,1.22,26.9,193.41,0.7,65,296.65,0.724,2.17,39.0,81.32,1.96,38
vol,0.6,True,0.5,0.0,0.25,60,trail,362.85,0.336,1.64,45.4,98.46,2.01,103,83.55,0.125,1.21,41.8,98.46,0.61,65,279.3,0.681,2.69,51.2,62.26,2.4,38
vol,0.6,True,0.5,0.0,0.5,60,trail,274.15,0.254,1.45,39.8,123.14,1.49,103,10.13,0.015,1.02,32.8,123.14,0.08,65,264.02,0.644,2.5,51.2,73.73,2.13,38
vol,0.6,True,0.5,0.0,1.0,60,trail,434.85,0.403,1.57,35.2,199.73,1.68,103,129.32,0.193,1.24,29.9,199.73,0.65,65,305.53,0.745,2.31,43.9,113.41,1.85,38
vol,0.6,True,0.5,0.0,0.0,15,timeout,608.25,0.563,1.89,38.0,116.59,2.35,103,196.74,0.294,1.41,31.3,116.59,1.03,65,411.51,1.004,3.08,48.8,75.93,2.39,38
vol,0.6,True,0.5,0.0,0.0,30,timeout,632.63,0.586,1.83,35.2,125.15,2.24,103,279.48,0.417,1.53,31.3,125.15,1.28,65,353.15,0.861,2.48,41.5,81.32,1.96,38
vol,0.6,True,0.5,0.0,0.0,60,timeout,453.04,0.419,1.52,26.9,205.6,1.51,103,252.36,0.377,1.44,25.4,201.74,1.09,65,200.67,0.489,1.66,29.3,205.6,1.03,38
vol,0.6,True,1.0,0.5,0.0,60,target,63.7,0.059,1.22,51.9,55.2,1.02,103,12.64,0.019,1.06,47.8,40.73,0.25,65,51.06,0.125,1.56,58.5,55.2,1.37,38
vol,0.6,True,1.0,1.0,0.0,60,target,81.9,0.076,1.18,40.7,81.34,0.87,103,-32.88,-0.049,0.9,32.8,79.43,-0.47,65,114.78,0.28,1.93,53.7,81.34,1.84,38
vol,0.6,True,1.0,2.0,0.0,60,target,135.26,0.125,1.23,38.0,142.92,0.97,103,-44.11,-0.066,0.9,31.3,142.92,-0.4,65,179.36,0.437,2.12,48.8,71.34,2.13,38
vol,0.6,True,1.0,0.0,0.25,60,trail,85.94,0.08,1.21,48.1,94.32,0.81,103,-51.16,-0.076,0.83,41.8,94.32,-0.62,65,137.1,0.334,2.34,58.5,42.18,2.14,38
vol,0.6,True,1.0,0.0,0.5,60,trail,34.86,0.032,1.08,40.7,101.86,0.31,103,-73.77,-0.11,0.77,32.8,101.86,-0.88,65,108.64,0.265,1.85,53.7,74.68,1.51,38
vol,0.6,True,1.0,0.0,1.0,60,trail,124.46,0.115,1.23,38.9,120.64,0.84,103,-16.0,-0.024,0.96,32.8,120.64,-0.14,65,140.46,0.343,1.88,48.8,104.65,1.54,38
vol,0.6,True,1.0,0.0,0.0,15,timeout,205.55,0.19,1.42,39.8,120.11,1.43,103,-9.87,-0.015,0.97,29.9,120.11,-0.09,65,215.42,0.525,2.69,56.1,70.76,2.34,38
vol,0.6,True,1.0,0.0,0.0,30,timeout,227.11,0.21,1.42,40.7,109.27,1.44,103,29.1,0.043,1.08,34.3,109.27,0.24,65,198.01,0.483,2.3,51.2,72.41,2.02,38
vol,0.6,True,1.0,0.0,0.0,60,timeout,116.19,0.108,1.18,34.3,121.28,0.69,103,16.66,0.025,1.04,29.9,119.35,0.13,65,99.53,0.243,1.51,41.5,121.28,0.94,38
vol,0.6,True,1.5,0.5,0.0,60,target,43.52,0.04,1.21,56.5,49.25,0.91,103,-1.13,-0.002,0.99,52.2,49.25,-0.03,65,44.65,0.109,1.79,63.4,26.13,1.7,38
vol,0.6,True,1.5,1.0,0.0,60,target,9.36,0.009,1.03,41.7,97.14,0.12,103,-75.07,-0.112,0.73,32.8,97.14,-1.34,65,84.43,0.206,2.04,56.1,53.4,1.73,38
vol,0.6,True,1.5,2.0,0.0,60,target,60.02,0.056,1.14,38.9,140.27,0.57,103,-63.48,-0.095,0.81,32.8,140.27,-0.76,65,123.49,0.301,2.16,48.8,46.74,1.98,38
vol,0.6,True,1.5,0.0,0.25,60,trail,26.04,0.024,1.08,52.8,98.16,0.33,103,-61.66,-0.092,0.74,46.3,98.16,-0.98,65,87.7,0.214,2.14,63.4,26.78,1.89,38
vol,0.6,True,1.5,0.0,0.5,60,trail,14.38,0.013,1.04,43.5,99.37,0.18,103,-69.7,-0.104,0.72,34.3,99.37,-1.09,65,84.08,0.205,2.04,58.5,30.67,1.76,38
vol,0.6,True,1.5,0.0,1.0,60,trail,45.6,0.042,1.11,39.8,132.84,0.42,103,-40.71,-0.061,0.87,34.3,132.84,-0.48,65,86.31,0.211,1.75,48.8,63.86,1.33,38
vol,0.6,True,1.5,0.0,0.0,15,timeout,113.24,0.105,1.32,41.7,122.52,1.12,103,-40.44,-0.06,0.86,32.8,122.52,-0.51,65,153.68,0.375,3.04,56.1,30.54,2.58,38
vol,0.6,True,1.5,0.0,0.0,30,timeout,140.49,0.13,1.36,42.6,112.36,1.29,103,-6.82,-0.01,0.98,35.8,112.36,-0.08,65,147.31,0.359,2.61,53.7,24.88,2.32,38
vol,0.6,True,1.5,0.0,0.0,60,timeout,46.81,0.043,1.1,35.2,124.56,0.39,103,-18.73,-0.028,0.94,31.3,124.56,-0.19,65,65.53,0.16,1.49,41.5,78.38,0.9,38
vol,0.6,False,0.25,0.5,0.0,60,target,618.44,0.573,2.39,50.9,80.15,3.97,85,344.63,0.514,2.19,49.3,70.85,2.78,52,273.81,0.668,2.75,53.7,80.15,2.87,33
vol,0.6,False,0.25,1.0,0.0,60,target,893.21,0.827,2.31,37.0,188.96,3.47,85,230.23,0.344,1.45,28.4,188.96,1.19,52,662.97,1.617,4.96,51.2,80.15,4.18,33
vol,0.6,False,0.25,2.0,0.0,60,target,1189.03,1.101,2.37,25.9,290.37,2.94,85,365.72,0.546,1.6,19.4,290.37,1.25,52,823.31,2.008,4.19,36.6,80.97,3.04,33
vol,0.6,False,0.25,0.0,0.25,60,trail,1019.65,0.944,2.58,41.7,133.11,3.21,85,367.95,0.549,1.84,37.3,133.11,1.57,52,651.7,1.59,4.17,48.8,80.15,3.08,33
vol,0.6,False,0.25,0.0,0.5,60,trail,898.29,0.832,2.32,36.1,129.13,2.83,85,254.64,0.38,1.53,28.4,129.13,1.15,52,643.66,1.57,4.13,48.8,80.15,2.9,33
vol,0.6,False,0.25,0.0,1.0,60,trail,1225.8,1.135,2.49,29.6,295.51,2.65,85,411.33,0.614,1.71,22.4,295.51,1.17,52,814.47,1.987,4.35,41.5,87.05,2.75,33
vol,0.6,False,0.25,0.0,0.0,15,timeout,1568.03,1.452,3.06,33.3,154.7,3.34,85,594.63,0.888,2.1,25.4,154.7,1.74,52,973.4,2.374,5.42,46.3,80.15,3.08,33
vol,0.6,False,0.25,0.0,0.0,30,timeout,1531.12,1.418,2.79,27.8,199.92,2.96,85,654.46,0.977,2.12,22.4,199.92,1.65,52,876.67,2.138,4.23,36.6,80.15,2.65,33
vol,0.6,False,0.25,0.0,0.0,60,timeout,1165.88,1.08,2.21,20.4,281.52,2.19,85,527.33,0.787,1.84,17.9,281.52,1.34,52,638.55,1.557,2.9,24.4,169.62,1.77,33
vol,0.6,False,0.5,0.5,0.0,60,target,208.2,0.193,1.61,52.8,74.74,2.15,85,103.4,0.154,1.46,50.7,73.44,1.34,52,104.8,0.256,1.87,56.1,74.74,1.78,33
vol,0.6,False,0.5,1.0,0.0,60,target,304.81,0.282,1.58,38.9,145.68,2.05,85,0.58,0.001,1.0,29.9,145.68,0.01,52,304.23,0.742,3.32,53.7,70.06,3.38,33
vol,0.6,False,0.5,2.0,0.0,60,target,403.55,0.374,1.6,27.8,226.26,1.82,85,62.31,0.093,1.13,20.9,226.26,0.38,52,341.24,0.832,2.65,39.0,70.06,2.33,33
vol,0.6,False,0.5,0.0,0.25,60,trail,356.99,0.331,1.74,43.5,113.32,2.06,85,74.87,0.112,1.23,38.8,113.32,0.58,52,282.12,0.688,2.86,51.2,70.06,2.48,33
vol,0.6,False,0.5,0.0,0.5,60,trail,288.43,0.267,1.56,38.0,142.06,1.66,85,6.83,0.01,1.02,29.9,142.06,0.06,52,281.6,0.687,2.86,51.2,70.06,2.37,33
vol,0.6,False,0.5,0.0,1.0,60,trail,440.38,0.408,1.7,31.5,218.68,1.78,85,90.26,0.135,1.2,23.9,218.68,0.47,52,350.12,0.854,2.89,43.9,79.96,2.24,33
vol,0.6,False,0.5,0.0,0.0,15,timeout,633.52,0.587,2.14,35.2,133.47,2.56,85,183.7,0.274,1.46,26.9,133.47,1.01,52,449.81,1.097,3.84,48.8,64.67,2.73,33
vol,0.6,False,0.5,0.0,0.0,30,timeout,606.6,0.562,1.96,31.5,163.75,2.23,85,211.24,0.315,1.48,25.4,163.75,1.01,52,395.36,0.964,3.01,41.5,70.06,2.29,33
vol,0.6,False,0.5,0.0,0.0,60,timeout,383.13,0.355,1.52,23.1,222.08,1.36,85,137.86,0.206,1.29,19.4,222.08,0.65,52,245.26,0.598,1.96,29.3,158.32,1.3,33
vol,0.6,False,1.0,0.5,0.0,60,target,9.84,0.009,1.04,53.7,74.76,0.15,85,-16.78,-0.025,0.91,50.7,74.76,-0.32,52,26.61,0.065,1.29,58.5,65.02,0.67,33
vol,0.6,False,1.0,1.0,0.0,60,target,74.28,0.069,1.2,43.5,116.05,0.8,85,-61.41,-0.092,0.78,35.8,116.05,-0.84,52,135.69,0.331,2.48,56.1,60.02,2.54,33
vol,0.6,False,1.0,2.0,0.0,60,target,150.33,0.139,1.32,34.3,138.73,1.15,85,-39.94,-0.06,0.88,26.9,138.73,-0.4,52,190.27,0.464,2.49,46.3,57.68,2.31,33
vol,0.6,False,1.0,0.0,0.25,60,trail,72.0,0.067,1.2,47.2,114.73,0.7,85,-59.07,-0.088,0.78,40.3,114.73,-0.76,52,131.07,0.32,2.28,58.5,46.24,2.01,33
vol,0.6,False,1.0,0.0,0.5,60,trail,42.66,0.039,1.11,39.8,112.7,0.4,85,-74.03,-0.11,0.73,31.3,112.7,-0.95,52,116.68,0.285,2.0,53.7,66.3,1.68,33
vol,0.6,False,1.0,0.0,1.0,60,trail,139.46,0.129,1.3,37.0,124.94,0.99,85,-20.46,-0.031,0.94,29.9,124.94,-0.19,52,159.92,0.39,2.25,48.8,72.64,1.87,33
vol,0.6,False,1.0,0.0,0.0,15,timeout,210.91,0.195,1.51,38.9,127.82,1.53,85,-12.85,-0.019,0.96,28.4,127.82,-0.13,52,223.77,0.546,3.13,56.1,47.96,2.53,33
vol,0.6,False,1.0,0.0,0.0,30,timeout,214.5,0.199,1.47,37.0,129.79,1.42,85,7.71,0.012,1.02,29.9,129.79,0.07,52,206.79,0.504,2.62,48.8,52.33,2.19,33
vol,0.6,False,1.0,0.0,0.0,60,timeout,99.43,0.092,1.19,30.6,136.64,0.63,85,-6.66,-0.01,0.98,25.4,136.64,-0.06,52,106.09,0.259,1.66,39.0,113.38,1.05,33
vol,0.6,False,1.5,0.5,0.0,60,target,14.28,0.013,1.08,58.3,65.81,0.28,85,-14.08,-0.021,0.89,55.2,65.81,-0.33,52,28.35,0.069,1.5,63.4,32.68,0.98,33
vol,0.6,False,1.5,1.0,0.0,60,target,10.52,0.01,1.04,43.5,119.74,0.15,85,-80.76,-0.121,0.65,35.8,119.74,-1.41,52,91.28,0.223,2.51,56.1,32.56,2.44,33
vol,0.6,False,1.5,2.0,0.0,60,target,85.33,0.079,1.24,36.1,123.86,0.89,85,-40.95,-0.061,0.85,29.9,123.86,-0.55,52,126.28,0.308,2.48,46.3,33.48,2.22,33
vol,0.6,False,1.5,0.0,0.25,60,trail,30.08,0.028,1.11,52.8,103.43,0.4,85,-53.6,-0.08,0.72,46.3,103.43,-0.92,52,83.68,0.204,2.09,63.4,29.48,1.76,33
vol,0.6,False,1.5,0.0,0.5,60,trail,21.12,0.02,1.07,42.6,97.92,0.27,85,-56.54,-0.084,0.73,32.8,97.92,-0.92,52,77.65,0.189,1.97,58.5,36.87,1.58,33
vol,0.6,False,1.5,0.0,1.0,60,trail,70.23,0.065,1.2,38.9,119.47,0.69,85,-27.27,-0.041,0.89,32.8,119.47,-0.34,52,97.5,0.238,2.03,48.8,44.3,1.62,33
vol,0.6,False,1.5,0.0,0.0,15,timeout,118.12,0.109,1.38,41.7,117.9,1.2,85,-29.33,-0.044,0.88,32.8,117.9,-0.39,52,147.45,0.36,3.05,56.1,27.13,2.43,33
vol,0.6,False,1.5,0.0,0.0,30,timeout,130.15,0.121,1.39,41.7,112.96,1.22,85,-8.09,-0.012,0.97,34.3,112.96,-0.1,52,138.24,0.337,2.56,53.7,23.67,2.13,33
vol,0.6,False,1.5,0.0,0.0,60,timeout,50.9,0.047,1.13,33.3,122.47,0.46,85,-14.52,-0.022,0.95,29.9,122.47,-0.17,52,65.42,0.16,1.58,39.0,77.59,0.94,33
